Order ID,Order Date,Customer Name,Segment,Region,Category,Sub Category,Quantity,Unit Price,Discount,Sales,Profit
ORD-10947,2024-01-01,Customer 734,Corporate,North,Clothing,Jeans,5,46.63,0.15,198.18,51.69
ORD-12218,2024-01-01,Customer 881,Consumer,East,Clothing,Jacket,6,30.76,0.0,184.56,40.35
ORD-11925,2024-01-01,Customer 866,Corporate,West,Home & Kitchen,Blender,7,78.98,0.0,552.86,109.57
ORD-12297,2024-01-01,Customer 614,Consumer,East,Clothing,Jacket,6,80.7,0.15,411.57,74.28
ORD-12827,2024-01-02,Customer 366,Consumer,West,Home & Kitchen,Lamp,5,150.89,0.0,754.45,127.08
ORD-11532,2024-01-02,Customer 163,Corporate,West,Electronics,Headphones,7,197.1,0.0,1379.7,224.37
ORD-10858,2024-01-03,Customer 475,Consumer,East,Home & Kitchen,Lamp,5,15.24,0.0,76.2,26.13
ORD-10371,2024-01-04,Customer 207,Consumer,South,Home & Kitchen,Air Fryer,3,61.97,0.2,148.73,33.94
ORD-11599,2024-01-04,Customer 132,Corporate,West,Electronics,Smartwatch,7,615.26,0.0,4306.82,529.57
ORD-10197,2024-01-04,Customer 341,Corporate,East,Furniture,Bookshelf,5,558.55,0.1,2513.47,286.34
ORD-11129,2024-01-04,Customer 703,Home Office,North,Home & Kitchen,Air Fryer,6,158.39,0.0,950.34,66.31
ORD-10171,2024-01-04,Customer 358,Home Office,North,Clothing,Cap,5,55.4,0.0,277.0,19.1
ORD-11438,2024-01-05,Customer 604,Corporate,North,Clothing,Cap,6,63.5,0.2,304.8,41.93
ORD-12879,2024-01-05,Customer 1,Consumer,West,Clothing,Cap,5,19.55,0.0,97.75,5.57
ORD-12152,2024-01-05,Customer 770,Consumer,South,Furniture,Bed Frame,6,698.61,0.0,4191.66,921.02
ORD-12361,2024-01-05,Customer 248,Corporate,South,Stationery,Pen Set,6,20.64,0.0,123.84,7.58
ORD-10044,2024-01-06,Customer 443,Corporate,East,Clothing,Jeans,4,73.94,0.0,295.76,97.41
ORD-12650,2024-01-06,Customer 762,Consumer,East,Clothing,Jacket,5,48.99,0.0,244.95,47.31
ORD-10267,2024-01-06,Customer 153,Consumer,Central,Home & Kitchen,Air Fryer,4,112.4,0.1,404.64,91.14
ORD-12296,2024-01-07,Customer 473,Consumer,East,Furniture,Sofa,1,219.3,0.0,219.3,59.58
ORD-10465,2024-01-07,Customer 700,Corporate,North,Clothing,T-Shirt,4,61.91,0.0,247.64,32.7
ORD-10150,2024-01-07,Customer 423,Consumer,Central,Clothing,Jacket,1,81.22,0.0,81.22,26.86
ORD-10790,2024-01-07,Customer 246,Consumer,West,Furniture,Sofa,4,384.32,0.05,1460.42,400.18
ORD-11034,2024-01-07,Customer 612,Consumer,South,Stationery,Pen Set,5,19.06,0.0,95.3,27.42
ORD-11303,2024-01-07,Customer 302,Home Office,West,Clothing,Jacket,5,21.49,0.0,107.45,27.87
ORD-10111,2024-01-07,Customer 227,Consumer,Central,Clothing,Jeans,2,18.86,0.0,37.72,10.54
ORD-12008,2024-01-08,Customer 597,Consumer,West,Clothing,Jacket,7,70.79,0.15,421.2,82.96
ORD-10986,2024-01-08,Customer 582,Corporate,East,Furniture,Bookshelf,1,626.81,0.0,626.81,133.66
ORD-11043,2024-01-08,Customer 556,Corporate,Central,Electronics,Laptop,4,148.77,0.0,595.08,202.5
ORD-11442,2024-01-08,Customer 695,Corporate,West,Electronics,Smartwatch,1,330.81,0.0,330.81,87.62
ORD-12054,2024-01-09,Customer 669,Consumer,East,Clothing,T-Shirt,5,12.23,0.0,61.15,14.88
ORD-10269,2024-01-09,Customer 843,Corporate,East,Furniture,Office Chair,3,153.58,0.15,391.63,36.43
ORD-12042,2024-01-09,Customer 652,Consumer,West,Stationery,Backpack,6,21.87,0.0,131.22,37.89
ORD-10991,2024-01-09,Customer 179,Consumer,North,Clothing,Cap,6,84.52,0.0,507.12,139.26
ORD-12067,2024-01-10,Customer 322,Consumer,North,Home & Kitchen,Lamp,3,75.94,0.0,227.82,16.53
ORD-11365,2024-01-10,Customer 170,Consumer,Central,Stationery,Notebook,6,12.82,0.05,73.07,9.13
ORD-11865,2024-01-11,Customer 265,Home Office,Central,Stationery,Notebook,7,32.91,0.0,230.37,19.82
ORD-12370,2024-01-11,Customer 763,Corporate,South,Electronics,Headphones,5,546.1,0.2,2184.4,504.04
ORD-11144,2024-01-11,Customer 699,Corporate,South,Home & Kitchen,Vacuum Cleaner,1,19.21,0.0,19.21,2.96
ORD-11075,2024-01-11,Customer 654,Home Office,East,Electronics,Smartphone,4,271.85,0.0,1087.4,255.34
ORD-10806,2024-01-11,Customer 431,Corporate,West,Clothing,Cap,3,24.24,0.0,72.72,3.71
ORD-11717,2024-01-12,Customer 525,Consumer,South,Home & Kitchen,Air Fryer,6,103.32,0.05,588.92,190.57
ORD-10866,2024-01-12,Customer 717,Consumer,West,Electronics,Smartwatch,2,505.06,0.0,1010.12,119.52
ORD-12418,2024-01-12,Customer 812,Corporate,West,Electronics,Smartphone,2,236.63,0.0,473.26,114.86
ORD-12076,2024-01-12,Customer 539,Consumer,Central,Home & Kitchen,Blender,6,178.87,0.05,1019.56,168.87
ORD-10443,2024-01-12,Customer 289,Consumer,West,Home & Kitchen,Lamp,6,44.55,0.2,213.84,45.58
ORD-10811,2024-01-13,Customer 12,Consumer,West,Furniture,Desk,5,345.31,0.15,1467.57,350.95
ORD-10901,2024-01-13,Customer 741,Corporate,West,Clothing,Jacket,3,81.77,0.0,245.31,19.0
ORD-12536,2024-01-13,Customer 693,Consumer,West,Home & Kitchen,Vacuum Cleaner,7,90.36,0.2,506.02,22.07
ORD-12066,2024-01-13,Customer 480,Corporate,North,Electronics,Smartwatch,4,300.12,0.0,1200.48,307.24
ORD-10634,2024-01-13,Customer 606,Consumer,East,Clothing,Jeans,2,10.26,0.0,20.52,6.36
ORD-10252,2024-01-14,Customer 82,Consumer,North,Stationery,Notebook,1,21.65,0.0,21.65,7.12
ORD-10668,2024-01-14,Customer 96,Corporate,North,Electronics,Smartwatch,1,152.98,0.05,145.33,9.67
ORD-12503,2024-01-14,Customer 761,Consumer,North,Clothing,Jeans,2,26.85,0.0,53.7,15.81
ORD-12733,2024-01-14,Customer 899,Consumer,South,Home & Kitchen,Lamp,1,130.62,0.1,117.56,36.76
ORD-12483,2024-01-14,Customer 301,Consumer,East,Home & Kitchen,Blender,5,132.18,0.1,594.81,172.08
ORD-10548,2024-01-15,Customer 214,Corporate,North,Clothing,Sneakers,7,52.91,0.1,333.33,113.68
ORD-12406,2024-01-15,Customer 608,Home Office,South,Clothing,Jeans,5,50.49,0.05,239.83,22.96
ORD-11225,2024-01-16,Customer 713,Consumer,North,Stationery,Notebook,4,26.5,0.0,106.0,28.36
ORD-12942,2024-01-16,Customer 321,Consumer,East,Clothing,Jacket,4,50.48,0.05,191.82,38.56
ORD-12744,2024-01-16,Customer 779,Home Office,East,Clothing,Jacket,1,74.65,0.0,74.65,20.49
ORD-11210,2024-01-16,Customer 489,Consumer,East,Clothing,Cap,3,81.81,0.1,220.89,54.48
ORD-10727,2024-01-16,Customer 535,Home Office,South,Clothing,Jacket,5,65.42,0.0,327.1,96.44
ORD-11148,2024-01-17,Customer 442,Consumer,South,Electronics,Headphones,7,411.86,0.15,2450.57,469.18
ORD-10747,2024-01-17,Customer 751,Consumer,North,Clothing,Sneakers,2,77.58,0.0,155.16,52.76
ORD-10072,2024-01-17,Customer 173,Consumer,Central,Clothing,Jacket,3,37.11,0.0,111.33,36.54
ORD-10139,2024-01-18,Customer 287,Corporate,East,Electronics,Tablet,3,880.4,0.0,2641.2,468.64
ORD-12878,2024-01-18,Customer 274,Corporate,South,Stationery,Notebook,2,30.41,0.0,60.82,18.45
ORD-10551,2024-01-18,Customer 556,Consumer,Central,Home & Kitchen,Vacuum Cleaner,6,99.18,0.0,595.08,53.08
ORD-11427,2024-01-18,Customer 632,Corporate,South,Furniture,Bookshelf,6,486.35,0.15,2480.39,458.56
ORD-10896,2024-01-18,Customer 837,Consumer,South,Electronics,Laptop,7,390.02,0.05,2593.63,401.44
ORD-10381,2024-01-18,Customer 406,Corporate,South,Furniture,Bed Frame,1,487.0,0.0,487.0,47.65
ORD-11212,2024-01-18,Customer 570,Home Office,West,Furniture,Bookshelf,5,146.76,0.15,623.73,73.47
ORD-12635,2024-01-18,Customer 588,Home Office,Central,Clothing,Cap,6,72.79,0.0,436.74,132.21
ORD-10301,2024-01-19,Customer 611,Corporate,North,Furniture,Sofa,4,621.25,0.0,2485.0,565.79
ORD-12269,2024-01-20,Customer 737,Corporate,West,Home & Kitchen,Cookware Set,1,115.02,0.0,115.02,10.08
ORD-10819,2024-01-20,Customer 53,Consumer,Central,Clothing,Cap,6,46.09,0.15,235.06,64.45
ORD-12082,2024-01-21,Customer 561,Consumer,South,Electronics,Smartwatch,1,877.35,0.1,789.62,44.58
ORD-10289,2024-01-21,Customer 430,Home Office,Central,Electronics,Laptop,3,103.47,0.15,263.85,60.85
ORD-12306,2024-01-22,Customer 377,Corporate,East,Electronics,Headphones,7,636.17,0.0,4453.19,386.71
ORD-11019,2024-01-22,Customer 629,Home Office,North,Stationery,Backpack,6,10.92,0.0,65.52,19.03
ORD-10703,2024-01-22,Customer 165,Corporate,West,Stationery,Whiteboard,1,5.5,0.2,4.4,-3.5
ORD-12634,2024-01-22,Customer 696,Corporate,South,Clothing,Cap,3,71.5,0.0,214.5,67.73
ORD-11591,2024-01-22,Customer 527,Consumer,West,Clothing,Sneakers,4,56.19,0.0,224.76,62.33
ORD-12761,2024-01-22,Customer 465,Corporate,Central,Clothing,T-Shirt,1,58.26,0.05,55.35,3.3
ORD-10590,2024-01-22,Customer 643,Corporate,South,Clothing,T-Shirt,3,54.19,0.0,162.57,40.56
ORD-12526,2024-01-22,Customer 259,Consumer,South,Clothing,Cap,5,82.71,0.05,392.87,40.28
ORD-11907,2024-01-22,Customer 480,Consumer,North,Furniture,Sofa,1,574.51,0.0,574.51,122.3
ORD-10876,2024-01-22,Customer 859,Corporate,East,Home & Kitchen,Lamp,7,173.32,0.0,1213.24,120.88
ORD-10424,2024-01-23,Customer 260,Corporate,West,Clothing,T-Shirt,3,10.54,0.05,30.04,8.65
ORD-10807,2024-01-23,Customer 391,Consumer,Central,Clothing,Cap,3,65.44,0.1,176.69,61.82
ORD-11946,2024-01-23,Customer 338,Corporate,West,Electronics,Tablet,2,199.99,0.0,399.98,133.15
ORD-11488,2024-01-23,Customer 73,Corporate,West,Electronics,Headphones,4,119.14,0.0,476.56,165.94
ORD-12600,2024-01-24,Customer 376,Consumer,East,Clothing,Jeans,4,49.87,0.2,159.58,6.22
ORD-12128,2024-01-24,Customer 491,Corporate,West,Home & Kitchen,Blender,3,195.6,0.0,586.8,128.8
ORD-12667,2024-01-24,Customer 191,Home Office,East,Home & Kitchen,Vacuum Cleaner,6,170.04,0.0,1020.24,305.36
ORD-10049,2024-01-24,Customer 413,Home Office,North,Clothing,Sneakers,7,33.63,0.0,235.41,33.09
ORD-10805,2024-01-24,Customer 399,Consumer,West,Clothing,Jeans,2,59.98,0.05,113.96,38.82
ORD-12321,2024-01-25,Customer 142,Consumer,North,Home & Kitchen,Vacuum Cleaner,1,43.09,0.05,40.94,4.35
ORD-10395,2024-01-25,Customer 176,Home Office,West,Electronics,Smartwatch,4,628.83,0.0,2515.32,490.62
ORD-11969,2024-01-25,Customer 73,Consumer,North,Stationery,Notebook,4,17.56,0.0,70.24,24.0
ORD-10335,2024-01-25,Customer 636,Consumer,South,Clothing,Jacket,2,52.37,0.0,104.74,8.16
ORD-11781,2024-01-25,Customer 755,Corporate,West,Clothing,Jeans,4,12.52,0.0,50.08,7.05
ORD-11645,2024-01-25,Customer 796,Home Office,South,Furniture,Bed Frame,2,158.46,0.0,316.92,55.16
ORD-11972,2024-01-26,Customer 856,Home Office,Central,Stationery,Pen Set,5,13.95,0.0,69.75,7.42
ORD-10931,2024-01-26,Customer 59,Home Office,East,Stationery,Backpack,1,31.81,0.0,31.81,10.15
ORD-12748,2024-01-26,Customer 202,Home Office,Central,Clothing,T-Shirt,7,45.55,0.0,318.85,97.7
ORD-11054,2024-01-26,Customer 578,Consumer,South,Electronics,Smartwatch,5,672.58,0.0,3362.9,284.21
ORD-10010,2024-01-26,Customer 501,Consumer,North,Furniture,Desk,1,490.39,0.1,441.35,110.03
ORD-11118,2024-01-26,Customer 626,Corporate,West,Clothing,T-Shirt,3,12.07,0.0,36.21,8.6
ORD-10964,2024-01-27,Customer 27,Home Office,West,Stationery,Whiteboard,4,13.11,0.0,52.44,13.77
ORD-10651,2024-01-27,Customer 37,Corporate,South,Electronics,Laptop,3,785.61,0.0,2356.83,221.35
ORD-12683,2024-01-27,Customer 47,Home Office,West,Clothing,Sneakers,5,20.79,0.0,103.95,21.82
ORD-10303,2024-01-27,Customer 174,Consumer,East,Furniture,Sofa,3,168.66,0.0,505.98,168.61
ORD-10992,2024-01-27,Customer 541,Consumer,West,Electronics,Smartwatch,2,765.51,0.0,1531.02,212.47
ORD-12310,2024-01-27,Customer 486,Consumer,North,Clothing,T-Shirt,6,67.72,0.0,406.32,86.58
ORD-11265,2024-01-28,Customer 857,Home Office,West,Home & Kitchen,Cookware Set,7,18.36,0.0,128.52,38.74
ORD-11741,2024-01-28,Customer 324,Consumer,Central,Electronics,Laptop,2,710.94,0.15,1208.6,134.64
ORD-10403,2024-01-28,Customer 442,Corporate,East,Furniture,Office Chair,4,439.0,0.0,1756.0,596.85
ORD-11250,2024-01-28,Customer 646,Corporate,North,Electronics,Smartwatch,2,734.44,0.05,1395.44,365.91
ORD-10217,2024-01-28,Customer 403,Corporate,Central,Clothing,Sneakers,3,67.02,0.0,201.06,38.26
ORD-12377,2024-01-28,Customer 268,Corporate,East,Furniture,Bookshelf,7,375.26,0.0,2626.82,806.44
ORD-11070,2024-01-28,Customer 652,Corporate,West,Electronics,Smartwatch,6,202.94,0.0,1217.64,207.54
ORD-10423,2024-01-28,Customer 704,Consumer,East,Electronics,Smartwatch,5,892.33,0.15,3792.4,1211.19
ORD-11731,2024-01-29,Customer 583,Consumer,East,Home & Kitchen,Air Fryer,6,184.05,0.1,993.87,131.09
ORD-11147,2024-01-29,Customer 516,Corporate,Central,Electronics,Smartwatch,4,873.69,0.0,3494.76,1221.86
ORD-10602,2024-01-29,Customer 601,Home Office,Central,Furniture,Desk,1,544.27,0.15,462.63,74.75
ORD-11647,2024-01-29,Customer 610,Corporate,North,Clothing,Jeans,3,31.25,0.0,93.75,10.56
ORD-11286,2024-01-29,Customer 155,Consumer,West,Electronics,Laptop,4,832.1,0.0,3328.4,818.92
ORD-12750,2024-01-29,Customer 579,Home Office,South,Electronics,Headphones,5,598.81,0.0,2994.05,929.4
ORD-11558,2024-01-29,Customer 643,Home Office,Central,Furniture,Sofa,6,293.09,0.15,1494.76,146.32
ORD-12006,2024-01-30,Customer 375,Consumer,East,Stationery,Desk Organizer,2,13.22,0.0,26.44,5.65
ORD-12357,2024-01-30,Customer 290,Consumer,East,Furniture,Desk,4,82.72,0.0,330.88,108.78
ORD-12856,2024-01-30,Customer 101,Consumer,East,Clothing,T-Shirt,2,89.75,0.0,179.5,56.16
ORD-12734,2024-01-30,Customer 486,Consumer,East,Home & Kitchen,Air Fryer,5,117.26,0.0,586.3,101.78
ORD-12710,2024-01-30,Customer 681,Home Office,North,Electronics,Headphones,1,167.18,0.0,167.18,35.3
ORD-10792,2024-01-31,Customer 779,Corporate,Central,Furniture,Bookshelf,6,671.46,0.0,4028.76,935.33
ORD-12947,2024-01-31,Customer 380,Corporate,North,Electronics,Laptop,5,563.68,0.0,2818.4,785.15
ORD-10063,2024-01-31,Customer 301,Consumer,North,Stationery,Notebook,4,13.38,0.0,53.52,7.72
ORD-11612,2024-01-31,Customer 417,Consumer,East,Furniture,Office Chair,5,674.54,0.15,2866.79,279.39
ORD-11729,2024-01-31,Customer 762,Home Office,Central,Furniture,Bookshelf,2,673.68,0.0,1347.36,359.25
ORD-10115,2024-02-01,Customer 238,Home Office,Central,Electronics,Smartphone,3,144.33,0.1,389.69,40.47
ORD-11810,2024-02-01,Customer 585,Home Office,West,Stationery,Whiteboard,5,18.33,0.0,91.65,7.83
ORD-12226,2024-02-02,Customer 353,Consumer,West,Stationery,Backpack,1,11.3,0.0,11.3,1.95
ORD-12919,2024-02-02,Customer 685,Corporate,East,Home & Kitchen,Vacuum Cleaner,7,15.26,0.0,106.82,21.9
ORD-12034,2024-02-02,Customer 629,Corporate,East,Home & Kitchen,Air Fryer,5,16.24,0.0,81.2,17.26
ORD-11850,2024-02-02,Customer 512,Consumer,Central,Clothing,T-Shirt,1,31.84,0.0,31.84,9.22
ORD-11003,2024-02-03,Customer 192,Corporate,Central,Stationery,Notebook,6,26.12,0.0,156.72,17.37
ORD-11016,2024-02-03,Customer 198,Corporate,North,Furniture,Desk,7,323.73,0.0,2266.11,624.78
ORD-11770,2024-02-03,Customer 842,Consumer,West,Electronics,Smartwatch,7,312.81,0.0,2189.67,122.54
ORD-10206,2024-02-03,Customer 453,Consumer,West,Furniture,Bed Frame,3,227.77,0.0,683.31,153.6
ORD-11476,2024-02-03,Customer 152,Consumer,West,Home & Kitchen,Air Fryer,4,95.67,0.2,306.14,18.21
ORD-11037,2024-02-04,Customer 375,Consumer,East,Furniture,Bookshelf,6,577.16,0.0,3462.96,467.17
ORD-10422,2024-02-04,Customer 681,Consumer,South,Stationery,Notebook,5,28.13,0.0,140.65,41.7
ORD-11087,2024-02-05,Customer 571,Corporate,North,Clothing,Sneakers,6,84.99,0.0,509.94,101.94
ORD-11121,2024-02-05,Customer 293,Consumer,East,Electronics,Tablet,1,402.31,0.1,362.08,91.82
ORD-11190,2024-02-05,Customer 546,Consumer,West,Home & Kitchen,Cookware Set,3,61.38,0.15,156.52,16.84
ORD-12150,2024-02-06,Customer 605,Consumer,South,Furniture,Sofa,7,162.9,0.0,1140.3,117.77
ORD-10367,2024-02-06,Customer 746,Home Office,West,Electronics,Laptop,5,142.39,0.0,711.95,87.89
ORD-10704,2024-02-06,Customer 78,Corporate,North,Furniture,Bed Frame,2,546.79,0.0,1093.58,101.55
ORD-11186,2024-02-06,Customer 418,Corporate,West,Electronics,Headphones,6,381.54,0.0,2289.24,219.65
ORD-11354,2024-02-07,Customer 867,Consumer,Central,Clothing,Jacket,6,40.93,0.0,245.58,76.51
ORD-11830,2024-02-07,Customer 789,Consumer,West,Furniture,Desk,4,278.94,0.0,1115.76,134.44
ORD-10320,2024-02-07,Customer 244,Consumer,Central,Home & Kitchen,Cookware Set,1,157.99,0.0,157.99,17.26
ORD-11621,2024-02-08,Customer 366,Corporate,Central,Electronics,Smartphone,4,70.93,0.0,283.72,74.11
ORD-12821,2024-02-08,Customer 223,Consumer,North,Clothing,Sneakers,5,49.24,0.1,221.58,59.01
ORD-11533,2024-02-08,Customer 769,Consumer,South,Stationery,Backpack,2,23.06,0.05,43.81,6.43
ORD-10508,2024-02-08,Customer 392,Consumer,East,Furniture,Desk,6,508.05,0.0,3048.3,381.03
ORD-10055,2024-02-08,Customer 49,Home Office,South,Home & Kitchen,Blender,4,128.14,0.0,512.56,32.14
ORD-12101,2024-02-09,Customer 659,Consumer,West,Home & Kitchen,Blender,1,57.56,0.0,57.56,14.81
ORD-11802,2024-02-09,Customer 443,Consumer,West,Clothing,T-Shirt,1,85.95,0.05,81.65,9.42
ORD-11939,2024-02-09,Customer 315,Home Office,South,Electronics,Smartphone,5,851.75,0.0,4258.75,1241.9
ORD-11486,2024-02-09,Customer 178,Consumer,South,Electronics,Headphones,7,708.72,0.0,4961.04,302.5
ORD-11684,2024-02-09,Customer 590,Consumer,East,Clothing,Jeans,3,35.01,0.0,105.03,26.11
ORD-12500,2024-02-09,Customer 731,Corporate,West,Clothing,Cap,6,29.1,0.0,174.6,50.6
ORD-11378,2024-02-10,Customer 56,Corporate,East,Stationery,Pen Set,6,13.61,0.0,81.66,17.83
ORD-10830,2024-02-10,Customer 555,Consumer,South,Home & Kitchen,Vacuum Cleaner,5,86.07,0.0,430.35,106.13
ORD-11181,2024-02-10,Customer 771,Consumer,Central,Home & Kitchen,Vacuum Cleaner,1,139.58,0.1,125.62,22.32
ORD-12638,2024-02-10,Customer 479,Corporate,North,Stationery,Notebook,5,17.58,0.0,87.9,22.9
ORD-10600,2024-02-11,Customer 260,Corporate,East,Stationery,Pen Set,5,21.46,0.0,107.3,33.64
ORD-12492,2024-02-11,Customer 735,Home Office,North,Electronics,Headphones,6,296.38,0.0,1778.28,260.6
ORD-12005,2024-02-11,Customer 586,Consumer,East,Furniture,Office Chair,1,310.95,0.0,310.95,94.31
ORD-11080,2024-02-12,Customer 788,Corporate,South,Clothing,Jacket,5,80.38,0.05,381.8,128.69
ORD-11724,2024-02-12,Customer 840,Consumer,East,Electronics,Headphones,3,542.33,0.05,1545.64,91.68
ORD-11877,2024-02-12,Customer 863,Consumer,Central,Clothing,Jacket,4,51.38,0.0,205.52,36.5
ORD-11400,2024-02-12,Customer 709,Consumer,South,Electronics,Smartphone,3,81.55,0.0,244.65,62.89
ORD-11195,2024-02-12,Customer 337,Corporate,South,Clothing,Jeans,7,16.8,0.05,111.72,29.77
ORD-12087,2024-02-12,Customer 181,Consumer,South,Home & Kitchen,Vacuum Cleaner,2,104.11,0.1,187.4,61.4
ORD-12899,2024-02-12,Customer 173,Corporate,East,Home & Kitchen,Lamp,3,44.87,0.0,134.61,44.4
ORD-12193,2024-02-14,Customer 374,Consumer,Central,Stationery,Pen Set,7,38.6,0.0,270.2,87.83
ORD-12694,2024-02-14,Customer 602,Corporate,South,Electronics,Smartphone,5,578.51,0.15,2458.67,466.88
ORD-11997,2024-02-14,Customer 549,Corporate,South,Home & Kitchen,Vacuum Cleaner,7,52.13,0.0,364.91,72.64
ORD-12611,2024-02-14,Customer 342,Corporate,West,Clothing,Jeans,1,50.79,0.05,48.25,3.77
ORD-10087,2024-02-14,Customer 895,Consumer,West,Home & Kitchen,Vacuum Cleaner,7,103.11,0.05,685.68,201.86
ORD-11053,2024-02-14,Customer 596,Consumer,East,Electronics,Laptop,4,889.83,0.0,3559.32,415.4
ORD-11597,2024-02-15,Customer 219,Consumer,West,Electronics,Headphones,4,296.46,0.0,1185.84,260.74
ORD-11873,2024-02-15,Customer 328,Corporate,West,Furniture,Bed Frame,4,617.21,0.05,2345.4,409.86
ORD-12186,2024-02-15,Customer 616,Consumer,Central,Clothing,Jeans,1,25.56,0.1,23.0,7.45
ORD-11402,2024-02-15,Customer 261,Consumer,North,Clothing,Cap,5,62.22,0.15,264.44,66.48
ORD-11841,2024-02-15,Customer 593,Consumer,East,Stationery,Backpack,2,15.53,0.2,24.85,2.57
ORD-11363,2024-02-15,Customer 128,Corporate,South,Furniture,Office Chair,6,95.92,0.05,546.74,47.58
ORD-10388,2024-02-17,Customer 887,Consumer,North,Electronics,Smartwatch,3,567.47,0.05,1617.29,425.72
ORD-11116,2024-02-17,Customer 766,Corporate,Central,Electronics,Laptop,6,579.63,0.0,3477.78,1175.51
ORD-11014,2024-02-17,Customer 361,Consumer,South,Clothing,Jeans,2,23.41,0.15,39.8,1.16
ORD-12802,2024-02-17,Customer 731,Consumer,North,Clothing,Jacket,6,15.18,0.0,91.08,20.39
ORD-10568,2024-02-18,Customer 426,Consumer,North,Electronics,Smartwatch,1,60.78,0.0,60.78,8.02
ORD-12307,2024-02-18,Customer 91,Home Office,East,Stationery,Pen Set,1,38.28,0.0,38.28,7.23
ORD-10064,2024-02-18,Customer 139,Home Office,North,Home & Kitchen,Air Fryer,5,83.87,0.0,419.35,36.02
ORD-10996,2024-02-18,Customer 255,Corporate,East,Electronics,Laptop,2,331.71,0.0,663.42,89.57
ORD-12053,2024-02-18,Customer 550,Corporate,West,Clothing,Cap,3,13.09,0.1,35.34,1.8
ORD-12194,2024-02-18,Customer 870,Consumer,West,Clothing,Sneakers,1,16.66,0.0,16.66,3.3
ORD-10218,2024-02-19,Customer 758,Consumer,West,Furniture,Office Chair,6,232.74,0.0,1396.44,357.23
ORD-11991,2024-02-19,Customer 246,Consumer,Central,Stationery,Desk Organizer,2,27.34,0.0,54.68,5.17
ORD-10262,2024-02-19,Customer 725,Consumer,Central,Stationery,Whiteboard,5,31.37,0.0,156.85,51.57
ORD-12890,2024-02-20,Customer 118,Consumer,West,Clothing,Cap,2,57.72,0.0,115.44,15.62
ORD-12215,2024-02-20,Customer 188,Consumer,South,Clothing,Jeans,5,40.46,0.05,192.19,16.09
ORD-11320,2024-02-20,Customer 871,Home Office,North,Stationery,Notebook,7,22.35,0.0,156.45,34.07
ORD-12853,2024-02-20,Customer 228,Consumer,East,Stationery,Pen Set,2,38.5,0.0,77.0,7.48
ORD-10425,2024-02-21,Customer 402,Home Office,South,Furniture,Sofa,4,352.31,0.0,1409.24,243.59
ORD-10515,2024-02-21,Customer 171,Corporate,North,Clothing,Cap,2,70.09,0.0,140.18,25.88
ORD-11046,2024-02-21,Customer 454,Home Office,North,Furniture,Office Chair,4,291.98,0.05,1109.52,238.91
ORD-11622,2024-02-21,Customer 325,Consumer,East,Home & Kitchen,Blender,2,181.02,0.0,362.04,42.59
ORD-10209,2024-02-21,Customer 709,Home Office,North,Clothing,Cap,4,32.72,0.0,130.88,45.02
ORD-10120,2024-02-22,Customer 736,Consumer,South,Clothing,Jeans,1,89.09,0.05,84.64,16.13
ORD-10847,2024-02-22,Customer 535,Corporate,Central,Furniture,Sofa,5,253.78,0.05,1205.45,346.33
ORD-11028,2024-02-22,Customer 884,Corporate,North,Clothing,Sneakers,7,70.54,0.1,444.4,89.39
ORD-10446,2024-02-23,Customer 734,Consumer,West,Clothing,Jacket,1,12.42,0.0,12.42,0.81
ORD-11184,2024-02-23,Customer 366,Corporate,North,Clothing,Jeans,1,42.32,0.0,42.32,2.47
ORD-10472,2024-02-23,Customer 543,Consumer,East,Furniture,Desk,4,322.4,0.0,1289.6,375.64
ORD-10926,2024-02-23,Customer 33,Consumer,North,Clothing,Jacket,7,80.71,0.0,564.97,181.84
ORD-10649,2024-02-23,Customer 898,Consumer,West,Furniture,Sofa,1,471.98,0.0,471.98,49.64
ORD-11823,2024-02-23,Customer 82,Home Office,North,Clothing,T-Shirt,2,42.21,0.0,84.42,13.04
ORD-11332,2024-02-23,Customer 218,Consumer,Central,Furniture,Bookshelf,1,260.81,0.15,221.69,36.93
ORD-10565,2024-02-23,Customer 494,Consumer,East,Furniture,Sofa,4,164.34,0.0,657.36,133.88
ORD-10075,2024-02-24,Customer 872,Corporate,West,Clothing,T-Shirt,3,62.33,0.2,149.59,15.41
ORD-12222,2024-02-24,Customer 667,Consumer,West,Stationery,Whiteboard,1,32.07,0.2,25.66,2.24
ORD-12013,2024-02-24,Customer 185,Corporate,North,Furniture,Office Chair,4,531.94,0.0,2127.76,168.3
ORD-11204,2024-02-24,Customer 575,Consumer,Central,Clothing,Cap,7,24.77,0.0,173.39,37.44
ORD-10715,2024-02-25,Customer 416,Consumer,South,Furniture,Office Chair,2,431.79,0.15,734.04,239.0
ORD-12990,2024-02-25,Customer 852,Home Office,South,Clothing,Cap,5,81.51,0.0,407.55,105.88
ORD-12567,2024-02-25,Customer 59,Consumer,West,Clothing,Sneakers,3,33.54,0.15,85.53,9.96
ORD-11783,2024-02-27,Customer 207,Consumer,Central,Stationery,Pen Set,2,11.92,0.0,23.84,2.79
ORD-12964,2024-02-27,Customer 198,Consumer,North,Stationery,Notebook,4,32.1,0.0,128.4,28.0
ORD-10856,2024-02-27,Customer 467,Consumer,North,Electronics,Headphones,2,821.84,0.1,1479.31,446.0
ORD-11243,2024-02-27,Customer 338,Consumer,South,Home & Kitchen,Air Fryer,3,118.73,0.0,356.19,29.32
ORD-10970,2024-02-28,Customer 267,Consumer,North,Clothing,T-Shirt,6,65.43,0.0,392.58,27.87
ORD-10315,2024-02-28,Customer 491,Corporate,North,Clothing,Cap,3,76.14,0.0,228.42,59.16
ORD-10427,2024-02-29,Customer 671,Corporate,East,Home & Kitchen,Lamp,3,140.13,0.0,420.39,83.87
ORD-12661,2024-02-29,Customer 30,Home Office,Central,Electronics,Tablet,6,578.57,0.0,3471.42,220.99
ORD-11353,2024-02-29,Customer 208,Consumer,Central,Electronics,Smartphone,1,544.47,0.0,544.47,63.46
ORD-11167,2024-02-29,Customer 80,Consumer,South,Stationery,Desk Organizer,2,29.18,0.2,46.69,10.7
ORD-10900,2024-02-29,Customer 346,Corporate,North,Stationery,Notebook,7,21.09,0.05,140.25,12.96
ORD-12746,2024-02-29,Customer 753,Home Office,Central,Home & Kitchen,Air Fryer,3,126.77,0.0,380.31,116.28
ORD-11716,2024-03-01,Customer 469,Corporate,West,Furniture,Desk,2,309.63,0.05,588.3,158.45
ORD-10084,2024-03-01,Customer 309,Consumer,North,Electronics,Headphones,7,593.01,0.0,4151.07,1402.08
ORD-11076,2024-03-01,Customer 298,Home Office,South,Home & Kitchen,Air Fryer,2,173.19,0.05,329.06,71.68
ORD-12850,2024-03-01,Customer 749,Home Office,East,Electronics,Smartwatch,2,685.46,0.0,1370.92,296.55
ORD-10936,2024-03-02,Customer 737,Consumer,North,Furniture,Desk,5,514.16,0.0,2570.8,535.93
ORD-11474,2024-03-02,Customer 454,Corporate,West,Furniture,Sofa,3,516.07,0.0,1548.21,118.95
ORD-12366,2024-03-02,Customer 195,Home Office,Central,Electronics,Smartphone,2,60.57,0.2,96.91,21.01
ORD-10536,2024-03-02,Customer 806,Corporate,East,Electronics,Headphones,6,224.0,0.0,1344.0,277.67
ORD-10764,2024-03-03,Customer 712,Consumer,East,Clothing,Cap,2,12.98,0.0,25.96,2.01
ORD-10831,2024-03-03,Customer 337,Corporate,East,Home & Kitchen,Vacuum Cleaner,3,171.56,0.0,514.68,136.03
ORD-10405,2024-03-03,Customer 65,Consumer,North,Electronics,Smartwatch,3,563.68,0.15,1437.38,470.88
ORD-12502,2024-03-03,Customer 792,Consumer,Central,Home & Kitchen,Vacuum Cleaner,1,19.19,0.1,17.27,3.19
ORD-10584,2024-03-03,Customer 4,Corporate,North,Home & Kitchen,Vacuum Cleaner,5,88.51,0.0,442.55,22.93
ORD-10201,2024-03-04,Customer 417,Consumer,North,Clothing,Sneakers,3,24.83,0.0,74.49,21.51
ORD-12001,2024-03-04,Customer 364,Home Office,East,Furniture,Office Chair,4,521.13,0.05,1980.29,301.72
ORD-10965,2024-03-04,Customer 593,Consumer,South,Furniture,Office Chair,4,517.8,0.0,2071.2,669.48
ORD-12875,2024-03-04,Customer 874,Consumer,South,Home & Kitchen,Cookware Set,4,178.19,0.0,712.76,133.19
ORD-11164,2024-03-04,Customer 159,Consumer,East,Clothing,T-Shirt,4,74.59,0.15,253.61,74.98
ORD-10560,2024-03-04,Customer 739,Home Office,North,Furniture,Bed Frame,3,198.2,0.0,594.6,117.0
ORD-10095,2024-03-05,Customer 557,Consumer,East,Stationery,Backpack,4,34.57,0.0,138.28,38.98
ORD-11448,2024-03-05,Customer 571,Corporate,South,Stationery,Backpack,1,37.16,0.0,37.16,12.04
ORD-11504,2024-03-05,Customer 899,Corporate,South,Clothing,Sneakers,4,71.13,0.0,284.52,31.49
ORD-12495,2024-03-05,Customer 767,Corporate,East,Clothing,Jeans,3,20.8,0.0,62.4,20.63
ORD-12293,2024-03-05,Customer 199,Home Office,Central,Stationery,Notebook,4,3.18,0.05,12.08,1.77
ORD-10671,2024-03-05,Customer 792,Home Office,South,Furniture,Office Chair,6,645.8,0.0,3874.8,672.79
ORD-12396,2024-03-05,Customer 689,Home Office,North,Stationery,Desk Organizer,7,39.48,0.1,248.72,56.8
ORD-11377,2024-03-06,Customer 207,Consumer,South,Electronics,Smartwatch,6,102.42,0.0,614.52,120.62
ORD-12287,2024-03-06,Customer 452,Consumer,Central,Electronics,Laptop,7,664.71,0.0,4652.97,623.38
ORD-10001,2024-03-06,Customer 878,Corporate,East,Stationery,Whiteboard,4,6.48,0.05,24.62,7.04
ORD-12728,2024-03-06,Customer 389,Corporate,Central,Clothing,Sneakers,7,38.87,0.05,258.49,16.8
ORD-10023,2024-03-07,Customer 695,Corporate,Central,Stationery,Whiteboard,1,14.69,0.05,13.96,2.26
ORD-11681,2024-03-07,Customer 489,Home Office,East,Furniture,Bed Frame,7,473.2,0.0,3312.4,791.53
ORD-10125,2024-03-07,Customer 674,Consumer,Central,Electronics,Smartwatch,6,809.69,0.2,3886.51,808.93
ORD-10341,2024-03-08,Customer 485,Corporate,South,Electronics,Smartwatch,5,636.95,0.15,2707.04,443.35
ORD-10777,2024-03-08,Customer 654,Corporate,East,Furniture,Bed Frame,3,671.92,0.0,2015.76,517.33
ORD-11829,2024-03-08,Customer 682,Home Office,North,Clothing,Jeans,2,44.4,0.05,84.36,15.78
ORD-10251,2024-03-08,Customer 432,Home Office,North,Clothing,Cap,1,35.91,0.2,28.73,0.53
ORD-10524,2024-03-08,Customer 630,Home Office,North,Clothing,Jacket,5,33.13,0.0,165.65,25.94
ORD-10003,2024-03-08,Customer 319,Corporate,North,Home & Kitchen,Vacuum Cleaner,5,155.25,0.2,621.0,192.44
ORD-12824,2024-03-08,Customer 446,Consumer,Central,Home & Kitchen,Vacuum Cleaner,1,129.42,0.0,129.42,8.06
ORD-12384,2024-03-09,Customer 207,Consumer,South,Home & Kitchen,Cookware Set,5,28.83,0.1,129.73,33.58
ORD-12133,2024-03-09,Customer 152,Consumer,North,Clothing,Jeans,6,24.6,0.0,147.6,22.03
ORD-11895,2024-03-11,Customer 806,Corporate,South,Stationery,Whiteboard,2,5.2,0.0,10.4,1.45
ORD-12766,2024-03-11,Customer 580,Consumer,East,Electronics,Smartphone,2,83.39,0.0,166.78,17.91
ORD-12257,2024-03-11,Customer 441,Home Office,North,Clothing,Jacket,2,14.86,0.0,29.72,5.31
ORD-10479,2024-03-11,Customer 427,Home Office,Central,Clothing,Cap,1,50.9,0.1,45.81,7.6
ORD-10592,2024-03-13,Customer 67,Consumer,West,Home & Kitchen,Cookware Set,7,167.91,0.0,1175.37,102.13
ORD-11639,2024-03-13,Customer 191,Consumer,Central,Electronics,Headphones,7,572.33,0.0,4006.31,760.69
ORD-10863,2024-03-13,Customer 263,Consumer,Central,Furniture,Bed Frame,4,396.21,0.2,1267.87,142.54
ORD-12123,2024-03-13,Customer 2,Consumer,South,Clothing,T-Shirt,7,21.65,0.0,151.55,32.54
ORD-12326,2024-03-14,Customer 253,Home Office,West,Electronics,Smartwatch,6,851.86,0.0,5111.16,1436.98
ORD-12037,2024-03-14,Customer 867,Consumer,South,Home & Kitchen,Air Fryer,7,169.56,0.0,1186.92,338.75
ORD-12591,2024-03-14,Customer 382,Consumer,South,Clothing,Jacket,1,21.82,0.0,21.82,6.62
ORD-10982,2024-03-14,Customer 865,Consumer,South,Clothing,Jeans,3,68.36,0.0,205.08,46.62
ORD-12153,2024-03-14,Customer 819,Consumer,West,Clothing,T-Shirt,6,54.56,0.0,327.36,21.36
ORD-10284,2024-03-14,Customer 363,Consumer,East,Stationery,Whiteboard,1,5.48,0.0,5.48,0.71
ORD-11998,2024-03-14,Customer 546,Consumer,West,Electronics,Laptop,6,277.31,0.15,1414.28,396.28
ORD-10556,2024-03-14,Customer 320,Home Office,North,Electronics,Smartphone,2,474.52,0.0,949.04,326.47
ORD-10744,2024-03-15,Customer 770,Consumer,East,Clothing,Cap,1,15.49,0.0,15.49,0.93
ORD-11509,2024-03-15,Customer 558,Corporate,East,Electronics,Headphones,1,670.02,0.0,670.02,223.62
ORD-11578,2024-03-15,Customer 707,Consumer,West,Furniture,Bookshelf,4,529.5,0.2,1694.4,154.74
ORD-11950,2024-03-15,Customer 580,Consumer,East,Home & Kitchen,Lamp,7,89.85,0.0,628.95,163.81
ORD-12304,2024-03-16,Customer 495,Corporate,West,Stationery,Pen Set,5,10.18,0.0,50.9,8.7
ORD-10779,2024-03-16,Customer 117,Corporate,East,Furniture,Bookshelf,4,402.43,0.1,1448.75,228.47
ORD-10751,2024-03-16,Customer 222,Consumer,West,Home & Kitchen,Cookware Set,6,75.9,0.2,364.32,34.04
ORD-12497,2024-03-16,Customer 483,Home Office,Central,Electronics,Tablet,1,162.66,0.0,162.66,37.72
ORD-11660,2024-03-16,Customer 863,Consumer,South,Stationery,Notebook,3,5.32,0.05,15.16,3.22
ORD-12427,2024-03-17,Customer 524,Home Office,North,Electronics,Tablet,2,302.1,0.2,483.36,46.2
ORD-12562,2024-03-17,Customer 107,Corporate,Central,Clothing,Sneakers,5,47.02,0.1,211.59,66.77
ORD-11229,2024-03-18,Customer 635,Consumer,East,Clothing,Jacket,1,86.97,0.0,86.97,4.96
ORD-11792,2024-03-18,Customer 257,Consumer,West,Home & Kitchen,Air Fryer,1,185.68,0.1,167.11,53.14
ORD-12127,2024-03-18,Customer 837,Home Office,West,Clothing,Sneakers,7,48.91,0.1,308.13,29.3
ORD-12136,2024-03-18,Customer 662,Consumer,Central,Electronics,Headphones,6,833.99,0.0,5003.94,1242.2
ORD-10114,2024-03-18,Customer 364,Consumer,East,Home & Kitchen,Lamp,6,83.68,0.05,476.98,134.37
ORD-11685,2024-03-18,Customer 545,Home Office,South,Furniture,Desk,3,325.05,0.0,975.15,305.09
ORD-10738,2024-03-18,Customer 332,Home Office,North,Electronics,Tablet,3,206.01,0.0,618.03,53.97
ORD-11640,2024-03-19,Customer 546,Consumer,West,Electronics,Smartphone,3,206.38,0.0,619.14,67.67
ORD-10450,2024-03-19,Customer 711,Consumer,South,Clothing,Jeans,7,37.67,0.15,224.14,27.86
ORD-11538,2024-03-19,Customer 251,Consumer,West,Clothing,Jacket,3,88.35,0.0,265.05,25.96
ORD-10228,2024-03-20,Customer 476,Home Office,West,Stationery,Backpack,3,10.54,0.1,28.46,4.01
ORD-11836,2024-03-20,Customer 858,Consumer,West,Clothing,Jacket,2,35.01,0.0,70.02,12.78
ORD-11882,2024-03-20,Customer 201,Consumer,Central,Home & Kitchen,Cookware Set,1,122.33,0.0,122.33,28.7
ORD-11942,2024-03-20,Customer 869,Consumer,South,Stationery,Desk Organizer,7,27.6,0.05,183.54,58.68
ORD-12830,2024-03-21,Customer 788,Consumer,West,Furniture,Desk,4,667.06,0.0,2668.24,423.81
ORD-11562,2024-03-22,Customer 243,Consumer,South,Clothing,T-Shirt,1,54.01,0.05,51.31,3.0
ORD-12039,2024-03-22,Customer 104,Corporate,Central,Furniture,Office Chair,2,493.72,0.05,938.07,229.35
ORD-10485,2024-03-22,Customer 356,Home Office,East,Stationery,Notebook,1,6.92,0.0,6.92,0.62
ORD-10785,2024-03-22,Customer 391,Consumer,West,Electronics,Smartphone,4,697.19,0.15,2370.45,493.47
ORD-11739,2024-03-22,Customer 241,Corporate,South,Home & Kitchen,Blender,7,31.02,0.0,217.14,31.77
ORD-12684,2024-03-23,Customer 830,Consumer,Central,Furniture,Desk,5,582.81,0.0,2914.05,162.36
ORD-11247,2024-03-23,Customer 828,Consumer,North,Furniture,Bed Frame,3,80.28,0.0,240.84,61.35
ORD-11219,2024-03-23,Customer 162,Consumer,North,Electronics,Tablet,6,581.12,0.0,3486.72,930.37
ORD-10713,2024-03-24,Customer 473,Corporate,South,Electronics,Headphones,3,268.46,0.1,724.84,182.14
ORD-10894,2024-03-24,Customer 708,Consumer,East,Clothing,Cap,6,15.81,0.0,94.86,15.97
ORD-12456,2024-03-24,Customer 19,Consumer,Central,Home & Kitchen,Air Fryer,7,15.71,0.0,109.97,26.06
ORD-11548,2024-03-24,Customer 200,Corporate,East,Electronics,Smartphone,3,856.55,0.2,2055.72,298.39
ORD-11309,2024-03-25,Customer 163,Consumer,West,Clothing,Cap,6,63.57,0.0,381.42,131.29
ORD-11579,2024-03-26,Customer 457,Consumer,West,Home & Kitchen,Lamp,3,19.11,0.0,57.33,7.85
ORD-12311,2024-03-26,Customer 559,Consumer,North,Clothing,T-Shirt,1,37.12,0.0,37.12,8.39
ORD-12388,2024-03-26,Customer 612,Home Office,East,Stationery,Notebook,6,22.43,0.0,134.58,14.94
ORD-10624,2024-03-26,Customer 775,Corporate,East,Home & Kitchen,Lamp,7,168.17,0.0,1177.19,162.88
ORD-11790,2024-03-26,Customer 191,Corporate,West,Clothing,T-Shirt,5,47.4,0.0,237.0,71.45
ORD-11114,2024-03-26,Customer 432,Consumer,East,Stationery,Pen Set,2,22.25,0.05,42.27,11.37
ORD-10745,2024-03-26,Customer 218,Home Office,North,Electronics,Laptop,1,472.95,0.0,472.95,127.12
ORD-10594,2024-03-27,Customer 725,Consumer,North,Home & Kitchen,Air Fryer,1,150.3,0.0,150.3,11.43
ORD-12041,2024-03-27,Customer 549,Consumer,South,Stationery,Desk Organizer,1,13.03,0.0,13.03,3.08
ORD-10636,2024-03-27,Customer 489,Consumer,Central,Clothing,Cap,2,70.26,0.0,140.52,14.28
ORD-11605,2024-03-27,Customer 347,Consumer,East,Clothing,Cap,2,53.25,0.15,90.52,24.89
ORD-12268,2024-03-27,Customer 276,Consumer,North,Stationery,Desk Organizer,2,5.5,0.1,9.9,2.47
ORD-12166,2024-03-28,Customer 181,Corporate,West,Clothing,Sneakers,3,87.26,0.0,261.78,77.6
ORD-11692,2024-03-28,Customer 9,Corporate,West,Furniture,Office Chair,1,335.59,0.0,335.59,21.05
ORD-12433,2024-03-29,Customer 216,Corporate,East,Furniture,Bed Frame,3,566.09,0.0,1698.27,458.42
ORD-11648,2024-03-29,Customer 47,Corporate,North,Furniture,Sofa,5,531.88,0.0,2659.4,488.89
ORD-12318,2024-03-29,Customer 780,Corporate,West,Home & Kitchen,Vacuum Cleaner,3,37.0,0.0,111.0,38.72
ORD-12654,2024-03-29,Customer 444,Consumer,Central,Home & Kitchen,Cookware Set,3,31.24,0.0,93.72,27.84
ORD-11161,2024-03-30,Customer 860,Corporate,West,Furniture,Sofa,1,396.82,0.15,337.3,52.0
ORD-11581,2024-03-30,Customer 571,Home Office,North,Electronics,Tablet,7,142.29,0.0,996.03,72.81
ORD-12833,2024-03-31,Customer 532,Consumer,North,Electronics,Smartwatch,5,675.48,0.0,3377.4,651.4
ORD-10628,2024-03-31,Customer 198,Consumer,Central,Stationery,Pen Set,5,9.48,0.0,47.4,14.81
ORD-12459,2024-03-31,Customer 302,Consumer,East,Stationery,Desk Organizer,6,17.99,0.05,102.54,28.12
ORD-11455,2024-03-31,Customer 30,Corporate,East,Electronics,Headphones,7,730.46,0.0,5113.22,781.21
ORD-10842,2024-03-31,Customer 610,Consumer,South,Clothing,Jacket,6,36.26,0.0,217.56,14.98
ORD-12840,2024-03-31,Customer 197,Consumer,East,Furniture,Desk,1,273.52,0.1,246.17,29.71
ORD-11150,2024-04-01,Customer 706,Corporate,West,Home & Kitchen,Cookware Set,1,174.72,0.05,165.98,41.4
ORD-11953,2024-04-01,Customer 720,Home Office,East,Clothing,Sneakers,2,37.87,0.0,75.74,9.13
ORD-11521,2024-04-01,Customer 490,Consumer,West,Clothing,Cap,6,11.46,0.0,68.76,20.82
ORD-11574,2024-04-02,Customer 155,Corporate,Central,Furniture,Sofa,4,174.47,0.15,593.2,45.65
ORD-12974,2024-04-02,Customer 125,Corporate,South,Furniture,Office Chair,3,631.9,0.0,1895.7,145.06
ORD-12482,2024-04-02,Customer 166,Consumer,North,Home & Kitchen,Blender,2,75.38,0.0,150.76,45.38
ORD-10215,2024-04-03,Customer 153,Home Office,Central,Stationery,Notebook,6,15.29,0.0,91.74,7.06
ORD-10525,2024-04-03,Customer 195,Consumer,North,Stationery,Whiteboard,7,36.66,0.2,205.3,42.51
ORD-10486,2024-04-04,Customer 143,Consumer,South,Furniture,Sofa,5,388.74,0.0,1943.7,180.77
ORD-11111,2024-04-04,Customer 28,Home Office,West,Electronics,Smartwatch,6,638.04,0.0,3828.24,727.42
ORD-11234,2024-04-04,Customer 447,Home Office,West,Home & Kitchen,Air Fryer,2,45.06,0.05,85.61,6.94
ORD-10595,2024-04-04,Customer 455,Consumer,East,Clothing,Cap,6,32.3,0.15,164.73,16.65
ORD-12524,2024-04-05,Customer 788,Consumer,South,Electronics,Smartphone,7,846.44,0.0,5925.08,916.19
ORD-11238,2024-04-05,Customer 82,Consumer,East,Furniture,Bookshelf,3,219.18,0.0,657.54,65.13
ORD-11058,2024-04-05,Customer 342,Consumer,Central,Electronics,Smartphone,7,329.99,0.05,2194.43,272.82
ORD-12015,2024-04-05,Customer 324,Corporate,South,Home & Kitchen,Blender,6,197.61,0.0,1185.66,193.81
ORD-11676,2024-04-05,Customer 783,Consumer,North,Furniture,Desk,1,117.95,0.0,117.95,9.27
ORD-12000,2024-04-06,Customer 742,Consumer,North,Clothing,Jacket,3,44.62,0.2,107.09,12.25
ORD-12004,2024-04-06,Customer 898,Consumer,North,Furniture,Bed Frame,3,296.78,0.0,890.34,274.16
ORD-10750,2024-04-06,Customer 5,Consumer,South,Electronics,Smartwatch,7,265.78,0.0,1860.46,158.13
ORD-10466,2024-04-06,Customer 142,Consumer,North,Furniture,Office Chair,1,92.49,0.05,87.87,20.99
ORD-12430,2024-04-07,Customer 646,Corporate,South,Stationery,Desk Organizer,4,29.53,0.0,118.12,36.11
ORD-12888,2024-04-07,Customer 363,Corporate,East,Electronics,Headphones,1,260.89,0.0,260.89,64.43
ORD-10246,2024-04-07,Customer 470,Consumer,South,Electronics,Headphones,4,408.06,0.0,1632.24,97.3
ORD-11283,2024-04-07,Customer 405,Corporate,North,Stationery,Notebook,5,12.37,0.2,49.48,3.99
ORD-11304,2024-04-08,Customer 893,Consumer,East,Clothing,Sneakers,4,66.15,0.1,238.14,27.85
ORD-12976,2024-04-08,Customer 219,Consumer,South,Electronics,Headphones,3,298.38,0.15,760.87,237.06
ORD-12354,2024-04-09,Customer 687,Consumer,South,Home & Kitchen,Blender,1,147.24,0.0,147.24,46.5
ORD-12686,2024-04-10,Customer 540,Consumer,North,Electronics,Tablet,7,526.52,0.0,3685.64,642.34
ORD-11776,2024-04-10,Customer 39,Corporate,West,Clothing,Sneakers,3,58.97,0.0,176.91,41.72
ORD-12185,2024-04-10,Customer 791,Consumer,West,Clothing,Jacket,2,66.89,0.1,120.4,6.34
ORD-11385,2024-04-10,Customer 302,Consumer,North,Home & Kitchen,Cookware Set,4,80.01,0.0,320.04,98.55
ORD-12698,2024-04-10,Customer 412,Corporate,South,Clothing,Jeans,4,81.53,0.15,277.2,41.6
ORD-12736,2024-04-10,Customer 631,Home Office,Central,Home & Kitchen,Cookware Set,3,175.99,0.0,527.97,113.36
ORD-10803,2024-04-11,Customer 407,Home Office,Central,Electronics,Smartphone,1,252.97,0.0,252.97,21.61
ORD-10238,2024-04-12,Customer 832,Home Office,Central,Electronics,Tablet,3,75.0,0.2,180.0,4.65
ORD-12036,2024-04-12,Customer 326,Consumer,West,Electronics,Tablet,7,422.02,0.0,2954.14,741.38
ORD-10199,2024-04-12,Customer 369,Consumer,West,Furniture,Desk,4,201.21,0.0,804.84,248.33
ORD-11479,2024-04-13,Customer 214,Corporate,North,Electronics,Smartwatch,6,480.23,0.0,2881.38,482.99
ORD-11141,2024-04-14,Customer 468,Consumer,North,Home & Kitchen,Cookware Set,4,113.08,0.0,452.32,29.59
ORD-12391,2024-04-14,Customer 729,Corporate,West,Clothing,T-Shirt,3,31.29,0.0,93.87,25.11
ORD-10601,2024-04-14,Customer 195,Consumer,East,Stationery,Whiteboard,4,28.25,0.0,113.0,21.43
ORD-10376,2024-04-14,Customer 651,Home Office,East,Electronics,Smartwatch,4,745.24,0.1,2682.86,863.99
ORD-11945,2024-04-14,Customer 124,Consumer,North,Electronics,Tablet,1,472.32,0.0,472.32,142.7
ORD-10445,2024-04-14,Customer 530,Corporate,North,Stationery,Notebook,4,18.38,0.0,73.52,21.81
ORD-11679,2024-04-14,Customer 763,Corporate,East,Electronics,Headphones,1,688.04,0.2,550.43,98.37
ORD-12099,2024-04-14,Customer 73,Consumer,South,Electronics,Tablet,5,793.84,0.0,3969.2,635.79
ORD-11799,2024-04-14,Customer 180,Corporate,Central,Clothing,Jeans,5,11.34,0.0,56.7,8.5
ORD-10311,2024-04-14,Customer 306,Corporate,North,Clothing,Jacket,4,44.96,0.0,179.84,37.45
ORD-11643,2024-04-15,Customer 314,Home Office,North,Stationery,Backpack,7,19.12,0.05,127.15,37.98
ORD-10473,2024-04-15,Customer 608,Consumer,West,Electronics,Laptop,7,83.7,0.0,585.9,196.15
ORD-11938,2024-04-16,Customer 386,Corporate,Central,Home & Kitchen,Lamp,1,126.38,0.0,126.38,41.54
ORD-11804,2024-04-16,Customer 323,Home Office,West,Clothing,Jeans,6,75.44,0.0,452.64,152.63
ORD-12068,2024-04-17,Customer 120,Home Office,West,Stationery,Whiteboard,1,19.08,0.0,19.08,4.0
ORD-10538,2024-04-17,Customer 324,Corporate,North,Home & Kitchen,Vacuum Cleaner,1,135.88,0.0,135.88,14.15
ORD-11733,2024-04-18,Customer 330,Corporate,West,Stationery,Backpack,5,6.78,0.0,33.9,9.37
ORD-12926,2024-04-18,Customer 878,Corporate,East,Clothing,T-Shirt,1,50.76,0.15,43.15,0.96
ORD-10188,2024-04-18,Customer 403,Corporate,East,Home & Kitchen,Blender,2,165.79,0.1,298.42,36.47
ORD-12896,2024-04-18,Customer 586,Home Office,North,Clothing,Jacket,4,59.75,0.0,239.0,63.2
ORD-11178,2024-04-18,Customer 710,Home Office,South,Furniture,Sofa,7,489.95,0.2,2743.72,322.69
ORD-12392,2024-04-19,Customer 517,Consumer,Central,Home & Kitchen,Lamp,3,25.01,0.0,75.03,19.83
ORD-12056,2024-04-19,Customer 120,Consumer,East,Clothing,Jeans,7,67.99,0.15,404.54,91.06
ORD-10322,2024-04-19,Customer 75,Consumer,East,Furniture,Bookshelf,7,229.61,0.0,1607.27,508.43
ORD-10502,2024-04-20,Customer 814,Corporate,South,Clothing,Jacket,4,64.94,0.0,259.76,64.32
ORD-12212,2024-04-20,Customer 803,Consumer,East,Clothing,Cap,6,89.07,0.0,534.42,180.72
ORD-12622,2024-04-20,Customer 857,Corporate,East,Clothing,Cap,3,42.53,0.2,102.07,18.08
ORD-11060,2024-04-20,Customer 251,Consumer,East,Clothing,T-Shirt,3,31.8,0.2,76.32,19.96
ORD-11780,2024-04-21,Customer 20,Consumer,East,Clothing,T-Shirt,4,16.96,0.0,67.84,4.48
ORD-10357,2024-04-21,Customer 31,Consumer,East,Electronics,Smartwatch,7,777.69,0.05,5171.64,1809.13
ORD-12340,2024-04-21,Customer 267,Consumer,East,Electronics,Smartwatch,7,629.26,0.05,4184.58,579.46
ORD-11370,2024-04-22,Customer 662,Consumer,North,Electronics,Smartwatch,7,142.28,0.0,995.96,249.45
ORD-10558,2024-04-22,Customer 891,Consumer,West,Home & Kitchen,Air Fryer,5,145.19,0.0,725.95,96.02
ORD-11146,2024-04-22,Customer 632,Corporate,West,Clothing,Jeans,3,31.01,0.1,83.73,23.4
ORD-12953,2024-04-22,Customer 739,Corporate,West,Electronics,Headphones,2,379.09,0.0,758.18,57.11
ORD-12227,2024-04-23,Customer 276,Consumer,North,Home & Kitchen,Blender,5,167.45,0.0,837.25,67.17
ORD-10954,2024-04-24,Customer 176,Consumer,South,Stationery,Whiteboard,7,13.03,0.1,82.09,12.83
ORD-11590,2024-04-24,Customer 755,Home Office,West,Furniture,Office Chair,3,299.89,0.0,899.67,149.06
ORD-11736,2024-04-25,Customer 752,Consumer,North,Furniture,Bed Frame,7,537.55,0.0,3762.85,1082.24
ORD-11872,2024-04-25,Customer 200,Home Office,North,Electronics,Tablet,2,267.27,0.05,507.81,86.14
ORD-11199,2024-04-25,Customer 619,Consumer,North,Clothing,Jacket,2,58.6,0.05,111.34,13.06
ORD-10149,2024-04-25,Customer 609,Consumer,South,Clothing,Jacket,5,55.13,0.0,275.65,13.87
ORD-12671,2024-04-25,Customer 169,Consumer,East,Stationery,Whiteboard,5,32.63,0.2,130.52,2.81
ORD-12629,2024-04-26,Customer 672,Corporate,Central,Electronics,Smartwatch,4,180.56,0.0,722.24,252.78
ORD-11948,2024-04-26,Customer 559,Consumer,North,Home & Kitchen,Lamp,5,129.33,0.1,581.99,172.72
ORD-12446,2024-04-26,Customer 466,Consumer,South,Home & Kitchen,Air Fryer,7,47.88,0.05,318.4,65.32
ORD-12320,2024-04-26,Customer 33,Consumer,West,Stationery,Backpack,6,37.21,0.05,212.1,60.36
ORD-10968,2024-04-26,Customer 810,Consumer,Central,Electronics,Smartphone,7,793.63,0.2,4444.33,1396.98
ORD-12631,2024-04-26,Customer 828,Consumer,North,Stationery,Backpack,1,23.91,0.15,20.32,-2.96
ORD-11359,2024-04-27,Customer 468,Consumer,East,Clothing,Sneakers,6,40.85,0.0,245.1,43.51
ORD-10435,2024-04-27,Customer 467,Corporate,Central,Stationery,Notebook,2,15.73,0.0,31.46,9.11
ORD-12376,2024-04-28,Customer 779,Consumer,Central,Home & Kitchen,Vacuum Cleaner,5,130.9,0.1,589.05,51.49
ORD-12668,2024-04-28,Customer 383,Corporate,East,Clothing,Cap,2,89.34,0.0,178.68,53.66
ORD-12987,2024-04-28,Customer 7,Corporate,Central,Clothing,T-Shirt,5,30.39,0.05,144.35,38.56
ORD-12905,2024-04-29,Customer 58,Consumer,East,Stationery,Pen Set,7,25.12,0.0,175.84,12.44
ORD-11274,2024-04-29,Customer 76,Home Office,East,Furniture,Office Chair,5,372.32,0.0,1861.6,498.12
ORD-12305,2024-04-29,Customer 473,Corporate,East,Stationery,Whiteboard,3,32.78,0.0,98.34,26.29
ORD-12743,2024-04-29,Customer 682,Corporate,East,Home & Kitchen,Vacuum Cleaner,2,89.08,0.1,160.34,41.51
ORD-11644,2024-04-29,Customer 700,Consumer,South,Furniture,Bookshelf,2,153.18,0.0,306.36,51.93
ORD-12308,2024-04-30,Customer 864,Consumer,West,Home & Kitchen,Air Fryer,7,117.97,0.0,825.79,240.41
ORD-12842,2024-04-30,Customer 273,Corporate,West,Clothing,Cap,1,52.13,0.0,52.13,15.58
ORD-12583,2024-04-30,Customer 95,Home Office,Central,Clothing,T-Shirt,6,62.45,0.0,374.7,40.75
ORD-11429,2024-05-01,Customer 781,Consumer,East,Furniture,Bed Frame,1,360.13,0.2,288.1,82.37
ORD-11064,2024-05-01,Customer 32,Consumer,West,Clothing,T-Shirt,5,10.91,0.1,49.09,9.67
ORD-10330,2024-05-01,Customer 150,Home Office,South,Stationery,Desk Organizer,2,35.37,0.1,63.67,3.8
ORD-11232,2024-05-01,Customer 720,Home Office,North,Clothing,Jacket,3,34.9,0.0,104.7,28.65
ORD-10897,2024-05-01,Customer 797,Consumer,East,Furniture,Bed Frame,1,211.16,0.0,211.16,52.24
ORD-12729,2024-05-01,Customer 330,Corporate,Central,Electronics,Headphones,5,227.62,0.0,1138.1,224.32
ORD-12030,2024-05-01,Customer 202,Corporate,East,Stationery,Whiteboard,7,13.82,0.0,96.74,15.66
ORD-12822,2024-05-02,Customer 341,Home Office,North,Furniture,Bed Frame,6,311.78,0.2,1496.54,415.92
ORD-10396,2024-05-02,Customer 120,Consumer,North,Clothing,Jeans,1,23.14,0.2,18.51,-2.49
ORD-10868,2024-05-03,Customer 516,Consumer,South,Electronics,Smartwatch,5,463.07,0.1,2083.82,584.95
ORD-11811,2024-05-03,Customer 63,Corporate,West,Electronics,Tablet,2,297.8,0.0,595.6,160.61
ORD-11559,2024-05-03,Customer 309,Consumer,East,Stationery,Pen Set,7,34.48,0.0,241.36,36.68
ORD-11018,2024-05-04,Customer 275,Home Office,North,Clothing,Jacket,6,79.63,0.0,477.78,29.13
ORD-11775,2024-05-04,Customer 831,Consumer,West,Home & Kitchen,Air Fryer,6,131.14,0.2,629.47,209.33
ORD-11883,2024-05-04,Customer 194,Home Office,East,Furniture,Office Chair,3,423.79,0.15,1080.66,315.81
ORD-10325,2024-05-04,Customer 408,Home Office,Central,Clothing,Cap,1,69.57,0.15,59.13,4.95
ORD-11609,2024-05-05,Customer 733,Corporate,West,Furniture,Sofa,3,643.63,0.0,1930.89,352.28
ORD-10172,2024-05-05,Customer 85,Consumer,South,Electronics,Tablet,2,870.07,0.1,1566.13,410.88
ORD-11534,2024-05-05,Customer 763,Consumer,North,Clothing,Jeans,4,70.63,0.0,282.52,21.04
ORD-11750,2024-05-05,Customer 563,Home Office,North,Clothing,Jacket,3,62.56,0.0,187.68,61.81
ORD-12673,2024-05-05,Customer 395,Corporate,North,Stationery,Backpack,6,12.78,0.0,76.68,16.94
ORD-12097,2024-05-05,Customer 828,Consumer,North,Stationery,Desk Organizer,1,12.88,0.05,12.24,1.31
ORD-12431,2024-05-05,Customer 675,Consumer,Central,Electronics,Smartphone,5,662.57,0.15,2815.92,367.84
ORD-11235,2024-05-06,Customer 873,Corporate,West,Stationery,Notebook,7,4.34,0.0,30.38,3.64
ORD-12642,2024-05-07,Customer 730,Consumer,West,Clothing,Jeans,1,45.72,0.2,36.58,1.95
ORD-12623,2024-05-07,Customer 726,Corporate,West,Furniture,Desk,2,133.76,0.2,214.02,11.75
ORD-10230,2024-05-07,Customer 298,Corporate,West,Clothing,Jeans,3,36.68,0.0,110.04,11.73
ORD-10481,2024-05-07,Customer 745,Corporate,Central,Electronics,Smartphone,6,510.76,0.0,3064.56,989.8
ORD-12720,2024-05-07,Customer 267,Consumer,West,Furniture,Sofa,5,293.61,0.0,1468.05,93.03
ORD-12609,2024-05-08,Customer 777,Home Office,Central,Furniture,Desk,5,624.95,0.0,3124.75,952.93
ORD-10132,2024-05-08,Customer 569,Corporate,Central,Furniture,Bed Frame,4,383.69,0.0,1534.76,189.18
ORD-12700,2024-05-08,Customer 831,Consumer,West,Furniture,Bed Frame,7,233.16,0.0,1632.12,547.72
ORD-11485,2024-05-09,Customer 346,Home Office,East,Home & Kitchen,Vacuum Cleaner,3,156.5,0.0,469.5,144.23
ORD-10497,2024-05-10,Customer 858,Home Office,East,Home & Kitchen,Vacuum Cleaner,3,69.21,0.0,207.63,60.22
ORD-10379,2024-05-10,Customer 351,Consumer,Central,Clothing,Cap,3,16.68,0.0,50.04,5.05
ORD-11840,2024-05-10,Customer 367,Consumer,Central,Electronics,Headphones,6,732.15,0.1,3953.61,316.64
ORD-10528,2024-05-11,Customer 233,Corporate,Central,Clothing,Jacket,2,73.84,0.1,132.91,6.77
ORD-12572,2024-05-11,Customer 832,Corporate,Central,Clothing,Jacket,3,57.94,0.1,156.44,20.09
ORD-10862,2024-05-11,Customer 178,Home Office,West,Stationery,Notebook,1,27.43,0.0,27.43,3.28
ORD-10840,2024-05-11,Customer 77,Consumer,North,Electronics,Smartphone,3,820.84,0.0,2462.52,513.52
ORD-12122,2024-05-11,Customer 338,Consumer,West,Clothing,Cap,2,55.47,0.0,110.94,24.96
ORD-11607,2024-05-12,Customer 743,Consumer,Central,Electronics,Headphones,5,310.72,0.05,1475.92,76.9
ORD-12241,2024-05-13,Customer 20,Consumer,East,Electronics,Smartphone,4,641.66,0.2,2053.31,313.44
ORD-11346,2024-05-13,Customer 108,Home Office,North,Stationery,Desk Organizer,3,30.46,0.1,82.24,20.09
ORD-11973,2024-05-13,Customer 409,Consumer,West,Stationery,Whiteboard,6,17.46,0.0,104.76,32.39
ORD-10708,2024-05-13,Customer 733,Corporate,Central,Furniture,Bookshelf,7,625.12,0.1,3938.26,743.97
ORD-10302,2024-05-13,Customer 305,Corporate,West,Home & Kitchen,Cookware Set,3,124.4,0.0,373.2,115.41
ORD-11180,2024-05-13,Customer 386,Home Office,Central,Electronics,Headphones,4,478.16,0.0,1912.64,210.51
ORD-11478,2024-05-13,Customer 611,Home Office,South,Stationery,Notebook,1,14.97,0.15,12.72,-1.44
ORD-12781,2024-05-13,Customer 517,Consumer,Central,Electronics,Smartwatch,5,620.48,0.05,2947.28,556.93
ORD-11666,2024-05-13,Customer 550,Consumer,North,Stationery,Notebook,3,29.2,0.0,87.6,25.03
ORD-11137,2024-05-13,Customer 144,Corporate,South,Stationery,Notebook,2,6.05,0.0,12.1,0.97
ORD-11191,2024-05-14,Customer 22,Consumer,Central,Electronics,Smartphone,5,555.39,0.0,2776.95,657.2
ORD-12918,2024-05-14,Customer 218,Consumer,South,Electronics,Laptop,7,417.46,0.0,2922.22,624.78
ORD-10455,2024-05-14,Customer 657,Home Office,Central,Home & Kitchen,Air Fryer,3,168.99,0.1,456.27,150.75
ORD-12740,2024-05-14,Customer 231,Corporate,Central,Clothing,Jeans,3,41.83,0.0,125.49,33.4
ORD-10168,2024-05-15,Customer 73,Home Office,Central,Clothing,T-Shirt,2,87.95,0.05,167.1,52.04
ORD-12594,2024-05-15,Customer 682,Home Office,South,Home & Kitchen,Vacuum Cleaner,4,100.89,0.15,343.03,83.08
ORD-11375,2024-05-15,Customer 713,Corporate,East,Home & Kitchen,Vacuum Cleaner,1,40.38,0.0,40.38,8.08
ORD-10961,2024-05-15,Customer 218,Corporate,East,Furniture,Bookshelf,3,202.06,0.1,545.56,148.59
ORD-12369,2024-05-15,Customer 642,Consumer,West,Home & Kitchen,Blender,7,21.97,0.0,153.79,53.64
ORD-12534,2024-05-16,Customer 836,Home Office,South,Clothing,Jeans,3,63.69,0.2,152.86,27.73
ORD-12424,2024-05-16,Customer 540,Consumer,North,Clothing,Sneakers,3,53.34,0.0,160.02,40.78
ORD-10083,2024-05-16,Customer 447,Consumer,West,Clothing,Cap,2,83.22,0.0,166.44,26.57
ORD-10216,2024-05-16,Customer 744,Consumer,North,Stationery,Notebook,4,7.9,0.0,31.6,8.92
ORD-10275,2024-05-17,Customer 480,Consumer,South,Clothing,T-Shirt,5,37.63,0.1,169.34,27.71
ORD-11063,2024-05-17,Customer 115,Home Office,West,Home & Kitchen,Blender,6,60.55,0.1,326.97,41.51
ORD-11296,2024-05-17,Customer 205,Home Office,West,Clothing,Cap,6,46.4,0.0,278.4,19.84
ORD-12838,2024-05-18,Customer 207,Home Office,South,Stationery,Notebook,1,25.82,0.0,25.82,7.94
ORD-12435,2024-05-18,Customer 129,Corporate,North,Furniture,Desk,2,259.23,0.0,518.46,143.08
ORD-12872,2024-05-18,Customer 148,Consumer,North,Furniture,Sofa,2,524.11,0.15,890.99,125.49
ORD-12231,2024-05-19,Customer 576,Corporate,North,Furniture,Sofa,4,544.36,0.05,2068.57,507.56
ORD-10769,2024-05-19,Customer 78,Consumer,North,Home & Kitchen,Air Fryer,4,87.07,0.1,313.45,68.4
ORD-12533,2024-05-19,Customer 270,Home Office,West,Clothing,Jacket,2,23.02,0.1,41.44,10.35
ORD-12996,2024-05-19,Customer 133,Consumer,North,Stationery,Backpack,2,28.9,0.1,52.02,10.06
ORD-11555,2024-05-20,Customer 233,Corporate,South,Clothing,Sneakers,6,22.2,0.0,133.2,35.95
ORD-12146,2024-05-20,Customer 170,Corporate,South,Electronics,Headphones,5,660.1,0.0,3300.5,921.74
ORD-12704,2024-05-20,Customer 723,Consumer,East,Furniture,Bookshelf,2,203.61,0.05,386.86,128.77
ORD-12455,2024-05-20,Customer 34,Consumer,West,Home & Kitchen,Cookware Set,3,171.23,0.15,436.64,144.63
ORD-11026,2024-05-20,Customer 98,Consumer,South,Clothing,Cap,2,55.31,0.0,110.62,11.24
ORD-11628,2024-05-21,Customer 286,Consumer,North,Stationery,Whiteboard,4,8.6,0.0,34.4,8.75
ORD-12092,2024-05-22,Customer 669,Consumer,Central,Home & Kitchen,Blender,1,175.76,0.0,175.76,36.28
ORD-11813,2024-05-22,Customer 320,Home Office,East,Home & Kitchen,Blender,2,111.4,0.0,222.8,50.16
ORD-10226,2024-05-22,Customer 815,Corporate,West,Clothing,Jacket,2,28.45,0.0,56.9,15.75
ORD-12450,2024-05-22,Customer 20,Consumer,East,Stationery,Notebook,2,21.64,0.0,43.28,8.18
ORD-11200,2024-05-23,Customer 280,Consumer,West,Electronics,Tablet,6,704.92,0.0,4229.52,1010.35
ORD-12258,2024-05-23,Customer 815,Corporate,North,Stationery,Pen Set,6,34.19,0.15,174.37,42.85
ORD-11626,2024-05-23,Customer 589,Corporate,East,Stationery,Desk Organizer,3,22.38,0.0,67.14,3.58
ORD-11672,2024-05-23,Customer 562,Corporate,West,Furniture,Bookshelf,3,654.72,0.05,1865.95,583.66
ORD-12112,2024-05-23,Customer 608,Consumer,East,Clothing,Sneakers,2,37.4,0.0,74.8,10.89
ORD-11092,2024-05-23,Customer 310,Corporate,West,Clothing,Cap,1,10.56,0.0,10.56,2.02
ORD-10988,2024-05-24,Customer 8,Home Office,South,Clothing,Jeans,6,49.09,0.0,294.54,101.19
ORD-10906,2024-05-24,Customer 488,Consumer,East,Furniture,Sofa,2,399.53,0.0,799.06,269.94
ORD-11475,2024-05-24,Customer 350,Consumer,Central,Clothing,Jeans,7,82.7,0.0,578.9,49.18
ORD-12512,2024-05-24,Customer 146,Corporate,Central,Stationery,Notebook,7,37.35,0.0,261.45,29.09
ORD-10526,2024-05-24,Customer 363,Corporate,North,Electronics,Headphones,3,740.05,0.0,2220.15,503.5
ORD-11331,2024-05-25,Customer 775,Home Office,West,Electronics,Smartphone,6,704.56,0.15,3593.26,422.36
ORD-10797,2024-05-25,Customer 707,Corporate,Central,Electronics,Headphones,6,543.3,0.0,3259.8,338.4
ORD-10611,2024-05-25,Customer 7,Home Office,West,Electronics,Smartphone,4,146.6,0.1,527.76,137.81
ORD-10154,2024-05-25,Customer 40,Corporate,West,Home & Kitchen,Lamp,4,199.39,0.0,797.56,117.39
ORD-12501,2024-05-25,Customer 564,Consumer,West,Electronics,Tablet,5,797.54,0.15,3389.54,555.49
ORD-12171,2024-05-26,Customer 409,Consumer,North,Home & Kitchen,Vacuum Cleaner,6,178.78,0.0,1072.68,350.27
ORD-10905,2024-05-26,Customer 351,Home Office,North,Home & Kitchen,Blender,4,181.17,0.0,724.68,253.61
ORD-11176,2024-05-26,Customer 47,Corporate,Central,Home & Kitchen,Cookware Set,3,58.37,0.0,175.11,9.29
ORD-10067,2024-05-26,Customer 72,Consumer,Central,Electronics,Tablet,3,389.76,0.05,1110.82,200.1
ORD-11333,2024-05-27,Customer 94,Corporate,Central,Furniture,Sofa,7,94.11,0.0,658.77,94.68
ORD-12393,2024-05-27,Customer 463,Home Office,East,Electronics,Smartwatch,4,560.57,0.0,2242.28,167.87
ORD-12930,2024-05-27,Customer 750,Home Office,West,Stationery,Backpack,3,19.48,0.0,58.44,14.11
ORD-10162,2024-05-28,Customer 336,Consumer,North,Home & Kitchen,Vacuum Cleaner,7,177.57,0.0,1242.99,162.96
ORD-11832,2024-05-28,Customer 674,Home Office,West,Clothing,Sneakers,3,17.11,0.0,51.33,11.28
ORD-10170,2024-05-28,Customer 753,Consumer,South,Stationery,Whiteboard,6,37.63,0.0,225.78,15.34
ORD-11109,2024-05-28,Customer 430,Home Office,North,Home & Kitchen,Lamp,4,184.59,0.1,664.52,72.12
ORD-11848,2024-05-28,Customer 586,Consumer,South,Home & Kitchen,Air Fryer,1,94.13,0.0,94.13,11.43
ORD-11007,2024-05-28,Customer 590,Consumer,North,Home & Kitchen,Cookware Set,4,190.63,0.0,762.52,85.89
ORD-11749,2024-05-28,Customer 383,Corporate,Central,Clothing,Jacket,3,79.98,0.15,203.95,13.55
ORD-10614,2024-05-28,Customer 262,Corporate,East,Electronics,Smartphone,1,225.45,0.0,225.45,44.19
ORD-12543,2024-05-29,Customer 816,Consumer,West,Electronics,Headphones,4,733.05,0.05,2785.59,882.94
ORD-11425,2024-05-29,Customer 380,Consumer,East,Furniture,Office Chair,5,597.08,0.0,2985.4,653.39
ORD-12625,2024-05-29,Customer 703,Corporate,East,Electronics,Smartphone,1,81.27,0.05,77.21,23.91
ORD-12019,2024-05-29,Customer 155,Consumer,West,Stationery,Whiteboard,5,34.13,0.0,170.65,45.86
ORD-12143,2024-05-29,Customer 313,Consumer,North,Home & Kitchen,Air Fryer,5,124.07,0.0,620.35,80.79
ORD-11752,2024-05-30,Customer 559,Corporate,Central,Electronics,Laptop,7,664.79,0.0,4653.53,1040.02
ORD-12463,2024-05-30,Customer 301,Consumer,North,Clothing,Jacket,4,78.45,0.2,251.04,59.11
ORD-12140,2024-05-30,Customer 506,Corporate,Central,Electronics,Smartwatch,7,271.73,0.05,1807.0,489.04
ORD-10940,2024-05-30,Customer 765,Corporate,Central,Stationery,Desk Organizer,4,19.71,0.0,78.84,23.68
ORD-10557,2024-05-30,Customer 2,Consumer,West,Furniture,Desk,2,503.63,0.05,956.9,119.72
ORD-10904,2024-05-30,Customer 31,Corporate,North,Home & Kitchen,Blender,4,38.78,0.0,155.12,19.89
ORD-10798,2024-05-30,Customer 190,Corporate,North,Clothing,Sneakers,6,62.1,0.0,372.6,126.94
ORD-12117,2024-05-31,Customer 238,Consumer,East,Furniture,Bed Frame,1,96.02,0.0,96.02,19.79
ORD-12449,2024-05-31,Customer 574,Corporate,North,Furniture,Bed Frame,4,337.42,0.0,1349.68,386.54
ORD-12114,2024-06-01,Customer 559,Corporate,East,Clothing,T-Shirt,4,20.0,0.15,68.0,5.98
ORD-12602,2024-06-01,Customer 501,Home Office,South,Clothing,Sneakers,3,42.3,0.0,126.9,8.48
ORD-11022,2024-06-02,Customer 813,Consumer,West,Electronics,Laptop,5,102.63,0.15,436.18,122.49
ORD-11835,2024-06-02,Customer 771,Consumer,Central,Clothing,Sneakers,6,34.3,0.0,205.8,16.64
ORD-11842,2024-06-02,Customer 722,Home Office,East,Clothing,Cap,1,79.57,0.1,71.61,22.48
ORD-12035,2024-06-02,Customer 120,Consumer,North,Electronics,Headphones,5,76.71,0.0,383.55,65.23
ORD-10140,2024-06-02,Customer 739,Corporate,West,Furniture,Office Chair,7,595.91,0.0,4171.37,610.95
ORD-10990,2024-06-03,Customer 238,Consumer,East,Electronics,Headphones,1,114.68,0.2,91.74,0.81
ORD-12514,2024-06-03,Customer 418,Consumer,South,Clothing,Jacket,5,50.55,0.0,252.75,14.76
ORD-10202,2024-06-03,Customer 122,Consumer,West,Furniture,Bed Frame,2,237.93,0.15,404.48,64.01
ORD-10281,2024-06-05,Customer 5,Corporate,South,Electronics,Smartphone,7,96.27,0.05,640.2,214.25
ORD-10984,2024-06-05,Customer 838,Home Office,North,Clothing,Cap,3,46.62,0.0,139.86,37.0
ORD-11446,2024-06-05,Customer 706,Corporate,North,Clothing,Jacket,2,36.01,0.05,68.42,17.7
ORD-12916,2024-06-05,Customer 660,Corporate,North,Furniture,Sofa,1,98.47,0.0,98.47,20.91
ORD-12771,2024-06-06,Customer 282,Home Office,North,Clothing,Jeans,7,33.3,0.0,233.1,28.0
ORD-11426,2024-06-06,Customer 131,Consumer,North,Clothing,Jeans,5,62.4,0.2,249.6,65.29
ORD-11107,2024-06-06,Customer 239,Consumer,South,Clothing,T-Shirt,4,15.24,0.0,60.96,21.19
ORD-10086,2024-06-06,Customer 140,Consumer,West,Furniture,Bookshelf,2,279.95,0.15,475.91,59.24
ORD-12236,2024-06-07,Customer 262,Consumer,Central,Electronics,Headphones,3,259.74,0.0,779.22,206.88
ORD-11617,2024-06-07,Customer 499,Corporate,Central,Clothing,T-Shirt,5,51.34,0.05,243.87,60.12
ORD-11089,2024-06-07,Customer 288,Consumer,South,Electronics,Smartphone,7,314.34,0.0,2200.38,234.59
ORD-10930,2024-06-08,Customer 540,Corporate,Central,Furniture,Sofa,3,330.76,0.2,793.82,269.15
ORD-10678,2024-06-08,Customer 538,Home Office,South,Electronics,Smartwatch,1,521.69,0.0,521.69,112.26
ORD-10365,2024-06-08,Customer 546,Consumer,Central,Clothing,Sneakers,6,17.96,0.0,107.76,13.19
ORD-11065,2024-06-08,Customer 495,Consumer,South,Electronics,Headphones,2,292.1,0.0,584.2,89.44
ORD-10980,2024-06-08,Customer 609,Home Office,Central,Clothing,Cap,1,67.58,0.0,67.58,3.42
ORD-10586,2024-06-09,Customer 124,Consumer,Central,Stationery,Backpack,3,30.74,0.05,87.61,17.29
ORD-12880,2024-06-09,Customer 467,Corporate,East,Clothing,Jeans,2,28.09,0.2,44.94,3.24
ORD-10998,2024-06-09,Customer 784,Corporate,East,Stationery,Backpack,2,39.02,0.0,78.04,9.55
ORD-10056,2024-06-09,Customer 882,Consumer,West,Electronics,Tablet,3,214.17,0.0,642.51,183.26
ORD-11906,2024-06-09,Customer 625,Consumer,East,Clothing,T-Shirt,4,27.13,0.0,108.52,31.5
ORD-10340,2024-06-09,Customer 122,Corporate,South,Clothing,Sneakers,4,30.78,0.0,123.12,9.97
ORD-11833,2024-06-10,Customer 578,Corporate,West,Electronics,Tablet,6,840.38,0.1,4538.05,1350.47
ORD-12843,2024-06-10,Customer 861,Consumer,Central,Stationery,Pen Set,7,7.54,0.0,52.78,14.85
ORD-11567,2024-06-10,Customer 33,Corporate,Central,Furniture,Bed Frame,4,491.07,0.0,1964.28,220.06
ORD-12255,2024-06-10,Customer 571,Corporate,Central,Stationery,Notebook,7,21.85,0.0,152.95,32.59
ORD-12499,2024-06-10,Customer 744,Consumer,East,Stationery,Notebook,1,28.84,0.15,24.51,-1.62
ORD-11954,2024-06-11,Customer 410,Corporate,West,Furniture,Office Chair,7,514.45,0.0,3601.15,856.94
ORD-10113,2024-06-11,Customer 149,Corporate,North,Stationery,Backpack,4,23.07,0.0,92.28,9.05
ORD-10462,2024-06-11,Customer 612,Home Office,West,Clothing,Jacket,3,86.9,0.1,234.63,67.51
ORD-11104,2024-06-11,Customer 893,Home Office,South,Home & Kitchen,Air Fryer,2,71.11,0.15,120.89,18.65
ORD-12719,2024-06-11,Customer 168,Consumer,North,Home & Kitchen,Air Fryer,1,170.92,0.1,153.83,13.88
ORD-11662,2024-06-12,Customer 592,Consumer,East,Stationery,Whiteboard,7,32.0,0.0,224.0,14.03
ORD-12655,2024-06-12,Customer 658,Home Office,Central,Electronics,Laptop,1,704.37,0.15,598.71,109.41
ORD-12861,2024-06-12,Customer 816,Home Office,West,Home & Kitchen,Lamp,2,98.92,0.0,197.84,16.29
ORD-12096,2024-06-12,Customer 633,Home Office,Central,Furniture,Bookshelf,7,284.84,0.0,1993.88,150.57
ORD-12225,2024-06-13,Customer 126,Home Office,South,Clothing,Jeans,4,60.92,0.0,243.68,52.79
ORD-11436,2024-06-13,Customer 642,Home Office,Central,Home & Kitchen,Lamp,2,81.84,0.0,163.68,29.03
ORD-11892,2024-06-13,Customer 115,Home Office,West,Electronics,Headphones,1,96.33,0.0,96.33,11.26
ORD-11299,2024-06-13,Customer 397,Corporate,West,Stationery,Pen Set,5,20.99,0.15,89.21,14.93
ORD-12221,2024-06-14,Customer 307,Consumer,Central,Home & Kitchen,Lamp,5,24.6,0.0,123.0,17.32
ORD-12204,2024-06-14,Customer 539,Consumer,Central,Clothing,Sneakers,7,15.34,0.15,91.27,10.5
ORD-11600,2024-06-14,Customer 894,Corporate,Central,Clothing,T-Shirt,7,67.83,0.0,474.81,84.64
ORD-10261,2024-06-14,Customer 479,Home Office,West,Stationery,Pen Set,6,21.66,0.0,129.96,36.67
ORD-12196,2024-06-14,Customer 792,Corporate,West,Furniture,Sofa,6,228.81,0.2,1098.29,298.0
ORD-12675,2024-06-14,Customer 814,Consumer,North,Electronics,Smartwatch,7,288.06,0.05,1915.6,178.12
ORD-11768,2024-06-15,Customer 514,Home Office,West,Home & Kitchen,Air Fryer,4,29.9,0.05,113.62,13.08
ORD-11136,2024-06-16,Customer 785,Consumer,East,Electronics,Tablet,5,145.94,0.0,729.7,125.04
ORD-12780,2024-06-16,Customer 248,Home Office,West,Home & Kitchen,Blender,7,118.98,0.0,832.86,108.13
ORD-12316,2024-06-16,Customer 75,Consumer,West,Electronics,Smartphone,6,840.02,0.15,4284.1,459.21
ORD-10895,2024-06-17,Customer 156,Corporate,South,Clothing,Jacket,5,34.91,0.1,157.09,53.61
ORD-11618,2024-06-17,Customer 162,Corporate,East,Furniture,Desk,1,419.66,0.05,398.68,74.59
ORD-11096,2024-06-17,Customer 335,Home Office,East,Furniture,Desk,6,374.34,0.05,2133.74,523.12
ORD-12887,2024-06-17,Customer 227,Corporate,North,Furniture,Bookshelf,5,88.49,0.0,442.45,83.68
ORD-12546,2024-06-17,Customer 146,Consumer,West,Electronics,Tablet,3,658.01,0.0,1974.03,286.89
ORD-12527,2024-06-17,Customer 560,Home Office,North,Clothing,T-Shirt,1,89.94,0.0,89.94,25.73
ORD-10375,2024-06-17,Customer 401,Home Office,East,Furniture,Bookshelf,1,311.83,0.0,311.83,32.61
ORD-11239,2024-06-18,Customer 791,Consumer,North,Stationery,Pen Set,7,17.18,0.0,120.26,23.46
ORD-12525,2024-06-18,Customer 69,Corporate,West,Home & Kitchen,Air Fryer,7,19.95,0.2,111.72,25.6
ORD-12699,2024-06-18,Customer 301,Home Office,South,Electronics,Smartphone,3,126.56,0.0,379.68,103.78
ORD-12788,2024-06-18,Customer 228,Consumer,East,Home & Kitchen,Lamp,7,31.18,0.0,218.26,44.27
ORD-11258,2024-06-19,Customer 801,Consumer,East,Stationery,Desk Organizer,3,9.85,0.15,25.12,0.02
ORD-10800,2024-06-19,Customer 404,Corporate,South,Stationery,Notebook,4,4.87,0.0,19.48,1.69
ORD-10985,2024-06-19,Customer 818,Consumer,East,Home & Kitchen,Lamp,7,154.0,0.05,1024.1,338.75
ORD-12219,2024-06-19,Customer 273,Home Office,North,Furniture,Office Chair,3,188.65,0.2,452.76,82.99
ORD-12979,2024-06-19,Customer 73,Consumer,North,Stationery,Whiteboard,5,24.68,0.2,98.72,26.81
ORD-11571,2024-06-20,Customer 162,Home Office,East,Clothing,Cap,4,27.8,0.0,111.2,19.81
ORD-11856,2024-06-20,Customer 604,Corporate,West,Electronics,Headphones,6,396.59,0.0,2379.54,722.94
ORD-12712,2024-06-20,Customer 291,Consumer,West,Stationery,Whiteboard,5,34.57,0.0,172.85,8.72
ORD-10141,2024-06-20,Customer 791,Home Office,West,Clothing,Sneakers,4,21.51,0.0,86.04,8.26
ORD-11277,2024-06-21,Customer 890,Consumer,Central,Clothing,Cap,1,40.48,0.0,40.48,8.64
ORD-11514,2024-06-21,Customer 705,Corporate,North,Stationery,Notebook,1,12.42,0.0,12.42,3.51
ORD-10099,2024-06-21,Customer 892,Consumer,North,Home & Kitchen,Blender,1,108.85,0.0,108.85,5.98
ORD-11727,2024-06-21,Customer 772,Consumer,East,Electronics,Laptop,4,112.94,0.0,451.76,115.22
ORD-10461,2024-06-21,Customer 53,Consumer,Central,Furniture,Office Chair,6,234.19,0.1,1264.63,257.69
ORD-12284,2024-06-21,Customer 326,Corporate,East,Electronics,Laptop,6,619.01,0.0,3714.06,511.69
ORD-10021,2024-06-21,Customer 286,Home Office,East,Furniture,Office Chair,7,581.12,0.2,3254.27,441.73
ORD-11614,2024-06-21,Customer 783,Consumer,North,Furniture,Bed Frame,7,390.09,0.1,2457.57,130.22
ORD-10742,2024-06-22,Customer 361,Consumer,Central,Clothing,Cap,7,22.36,0.0,156.52,48.68
ORD-10453,2024-06-22,Customer 387,Consumer,East,Furniture,Sofa,1,95.36,0.15,81.06,4.99
ORD-12040,2024-06-22,Customer 332,Home Office,East,Stationery,Backpack,2,7.14,0.0,14.28,4.66
ORD-10748,2024-06-22,Customer 345,Corporate,North,Furniture,Bed Frame,4,132.6,0.0,530.4,178.01
ORD-11866,2024-06-22,Customer 64,Consumer,North,Stationery,Whiteboard,2,8.94,0.05,16.99,1.8
ORD-12590,2024-06-23,Customer 830,Consumer,South,Clothing,Cap,4,31.06,0.2,99.39,7.2
ORD-11918,2024-06-23,Customer 659,Consumer,North,Home & Kitchen,Blender,6,153.17,0.0,919.02,158.86
ORD-11397,2024-06-23,Customer 649,Home Office,West,Clothing,Sneakers,7,85.37,0.0,597.59,146.59
ORD-12428,2024-06-23,Customer 273,Home Office,Central,Clothing,Jacket,6,60.54,0.1,326.92,90.81
ORD-11774,2024-06-24,Customer 835,Home Office,South,Clothing,Cap,4,18.25,0.0,73.0,23.21
ORD-10416,2024-06-24,Customer 100,Home Office,North,Home & Kitchen,Lamp,6,28.83,0.05,164.33,40.16
ORD-12547,2024-06-24,Customer 889,Corporate,Central,Stationery,Notebook,5,10.44,0.0,52.2,17.74
ORD-12158,2024-06-25,Customer 899,Consumer,East,Home & Kitchen,Air Fryer,2,181.56,0.05,344.96,37.52
ORD-10799,2024-06-25,Customer 273,Consumer,North,Electronics,Laptop,2,899.57,0.0,1799.14,366.8
ORD-11734,2024-06-25,Customer 501,Consumer,West,Home & Kitchen,Vacuum Cleaner,4,128.98,0.0,515.92,101.62
ORD-12639,2024-06-25,Customer 114,Corporate,North,Electronics,Tablet,1,187.62,0.05,178.24,41.99
ORD-10697,2024-06-25,Customer 810,Consumer,Central,Home & Kitchen,Vacuum Cleaner,5,37.92,0.1,170.64,11.28
ORD-11888,2024-06-25,Customer 344,Home Office,West,Stationery,Whiteboard,1,11.1,0.0,11.1,2.24
ORD-11301,2024-06-25,Customer 493,Home Office,West,Electronics,Smartwatch,6,809.94,0.0,4859.64,1260.67
ORD-10621,2024-06-25,Customer 885,Consumer,South,Furniture,Bookshelf,5,393.55,0.0,1967.75,386.45
ORD-11859,2024-06-25,Customer 676,Consumer,South,Furniture,Office Chair,6,447.78,0.15,2283.68,173.62
ORD-10397,2024-06-26,Customer 270,Corporate,South,Stationery,Pen Set,6,37.01,0.0,222.06,48.16
ORD-10490,2024-06-26,Customer 644,Consumer,North,Clothing,T-Shirt,5,24.43,0.0,122.15,37.32
ORD-11565,2024-06-26,Customer 568,Consumer,North,Clothing,Sneakers,2,25.49,0.15,43.33,-2.2
ORD-12664,2024-06-26,Customer 843,Home Office,East,Clothing,Cap,1,36.8,0.0,36.8,2.66
ORD-12883,2024-06-26,Customer 544,Consumer,Central,Home & Kitchen,Lamp,3,140.97,0.0,422.91,47.61
ORD-11573,2024-06-26,Customer 791,Corporate,North,Home & Kitchen,Blender,7,119.6,0.0,837.2,82.15
ORD-12556,2024-06-26,Customer 427,Corporate,Central,Stationery,Backpack,6,10.98,0.0,65.88,19.07
ORD-12272,2024-06-26,Customer 730,Corporate,West,Clothing,T-Shirt,3,31.45,0.0,94.35,26.3
ORD-11786,2024-06-26,Customer 471,Consumer,North,Clothing,Cap,5,32.16,0.05,152.76,40.7
ORD-11539,2024-06-27,Customer 54,Corporate,West,Home & Kitchen,Blender,3,75.92,0.0,227.76,45.84
ORD-12217,2024-06-27,Customer 623,Consumer,South,Electronics,Headphones,6,650.17,0.0,3901.02,790.21
ORD-10444,2024-06-28,Customer 796,Corporate,East,Home & Kitchen,Cookware Set,6,118.72,0.05,676.7,164.32
ORD-11763,2024-06-28,Customer 314,Consumer,South,Clothing,Cap,1,65.77,0.0,65.77,5.14
ORD-12413,2024-06-28,Customer 549,Consumer,South,Home & Kitchen,Lamp,2,16.29,0.0,32.58,2.84
ORD-11855,2024-06-28,Customer 330,Consumer,North,Electronics,Smartwatch,2,682.66,0.0,1365.32,148.32
ORD-12862,2024-06-29,Customer 783,Corporate,East,Clothing,Jeans,1,53.07,0.0,53.07,7.69
ORD-12404,2024-06-29,Customer 334,Corporate,West,Home & Kitchen,Blender,2,174.69,0.05,331.91,42.87
ORD-12986,2024-06-29,Customer 105,Corporate,North,Furniture,Sofa,3,102.07,0.0,306.21,25.08
ORD-11289,2024-06-29,Customer 861,Corporate,South,Home & Kitchen,Blender,3,110.92,0.15,282.85,49.32
ORD-10582,2024-06-30,Customer 374,Home Office,South,Clothing,Jeans,4,53.59,0.2,171.49,6.93
ORD-12722,2024-06-30,Customer 597,Corporate,Central,Clothing,Jeans,1,35.04,0.0,35.04,7.27
ORD-11255,2024-06-30,Customer 60,Home Office,South,Stationery,Backpack,1,38.76,0.0,38.76,5.44
ORD-11554,2024-06-30,Customer 141,Home Office,West,Furniture,Sofa,3,226.45,0.0,679.35,85.7
ORD-11233,2024-07-01,Customer 203,Corporate,North,Home & Kitchen,Vacuum Cleaner,7,110.36,0.0,772.52,260.48
ORD-12261,2024-07-01,Customer 103,Corporate,South,Stationery,Whiteboard,2,29.63,0.0,59.26,9.52
ORD-11470,2024-07-01,Customer 899,Consumer,Central,Electronics,Headphones,3,105.36,0.15,268.67,55.57
ORD-11880,2024-07-01,Customer 787,Consumer,West,Clothing,Cap,1,33.85,0.0,33.85,11.25
ORD-11262,2024-07-01,Customer 376,Corporate,Central,Furniture,Sofa,2,684.05,0.1,1231.29,255.86
ORD-10824,2024-07-02,Customer 768,Home Office,West,Clothing,Jacket,6,53.42,0.1,288.47,22.93
ORD-11560,2024-07-02,Customer 718,Consumer,North,Clothing,Cap,1,84.29,0.0,84.29,11.74
ORD-11297,2024-07-02,Customer 389,Home Office,West,Home & Kitchen,Lamp,6,161.44,0.0,968.64,156.93
ORD-10579,2024-07-02,Customer 309,Consumer,West,Clothing,Jacket,1,83.29,0.0,83.29,26.89
ORD-12496,2024-07-02,Customer 740,Corporate,North,Furniture,Bed Frame,1,414.55,0.0,414.55,98.14
ORD-11093,2024-07-02,Customer 253,Consumer,Central,Furniture,Sofa,6,458.52,0.0,2751.12,931.15
ORD-10884,2024-07-03,Customer 95,Consumer,North,Clothing,Jacket,5,62.74,0.0,313.7,45.73
ORD-10796,2024-07-03,Customer 521,Home Office,South,Clothing,Jeans,2,36.16,0.15,61.47,12.33
ORD-12902,2024-07-03,Customer 270,Consumer,South,Furniture,Sofa,7,436.59,0.0,3056.13,870.41
ORD-10308,2024-07-04,Customer 494,Consumer,South,Home & Kitchen,Blender,7,56.94,0.0,398.58,39.44
ORD-12243,2024-07-04,Customer 314,Consumer,South,Furniture,Bookshelf,1,564.45,0.2,451.56,52.77
ORD-12539,2024-07-04,Customer 891,Consumer,East,Home & Kitchen,Air Fryer,5,104.59,0.0,522.95,49.33
ORD-11287,2024-07-04,Customer 432,Corporate,Central,Stationery,Backpack,6,3.71,0.15,18.92,-1.59
ORD-11668,2024-07-04,Customer 7,Corporate,Central,Electronics,Tablet,1,240.61,0.0,240.61,73.74
ORD-12952,2024-07-04,Customer 15,Consumer,South,Home & Kitchen,Cookware Set,7,78.3,0.1,493.29,42.01
ORD-10364,2024-07-05,Customer 737,Home Office,West,Electronics,Laptop,3,484.81,0.05,1381.71,363.39
ORD-10057,2024-07-05,Customer 520,Home Office,East,Electronics,Smartwatch,3,313.13,0.05,892.42,218.44
ORD-10232,2024-07-05,Customer 20,Consumer,South,Electronics,Smartwatch,6,548.65,0.1,2962.71,286.25
ORD-10959,2024-07-05,Customer 242,Consumer,West,Home & Kitchen,Cookware Set,3,177.1,0.0,531.3,122.18
ORD-10310,2024-07-05,Customer 862,Corporate,West,Clothing,Sneakers,1,11.32,0.0,11.32,3.22
ORD-11084,2024-07-05,Customer 861,Consumer,East,Clothing,T-Shirt,1,80.57,0.0,80.57,9.03
ORD-10765,2024-07-05,Customer 185,Consumer,Central,Clothing,Cap,2,76.66,0.0,153.32,24.09
ORD-12615,2024-07-06,Customer 651,Consumer,North,Electronics,Smartwatch,3,737.81,0.0,2213.43,536.18
ORD-12214,2024-07-06,Customer 207,Consumer,South,Furniture,Sofa,6,158.33,0.0,949.98,270.32
ORD-12692,2024-07-06,Customer 54,Corporate,North,Electronics,Headphones,6,124.46,0.0,746.76,187.31
ORD-11404,2024-07-06,Customer 761,Home Office,North,Electronics,Headphones,6,730.45,0.0,4382.7,1039.66
ORD-12113,2024-07-07,Customer 254,Corporate,East,Home & Kitchen,Blender,2,15.68,0.1,28.22,7.7
ORD-12714,2024-07-07,Customer 551,Consumer,Central,Stationery,Whiteboard,7,38.01,0.15,226.16,8.2
ORD-12742,2024-07-08,Customer 727,Consumer,North,Home & Kitchen,Vacuum Cleaner,7,148.27,0.0,1037.89,136.3
ORD-11667,2024-07-08,Customer 803,Corporate,North,Clothing,Cap,1,34.48,0.0,34.48,3.43
ORD-12643,2024-07-08,Customer 485,Consumer,South,Clothing,T-Shirt,7,79.14,0.0,553.98,93.71
ORD-10787,2024-07-08,Customer 123,Consumer,North,Electronics,Headphones,7,452.03,0.0,3164.21,577.43
ORD-10630,2024-07-08,Customer 249,Consumer,West,Stationery,Pen Set,6,36.09,0.05,205.71,15.71
ORD-10681,2024-07-08,Customer 596,Home Office,North,Electronics,Smartphone,5,267.58,0.0,1337.9,144.8
ORD-11659,2024-07-08,Customer 601,Corporate,North,Electronics,Smartwatch,3,376.21,0.05,1072.2,189.41
ORD-12276,2024-07-08,Customer 830,Consumer,North,Furniture,Office Chair,3,306.37,0.0,919.11,92.39
ORD-11795,2024-07-08,Customer 176,Consumer,West,Electronics,Headphones,5,446.37,0.0,2231.85,420.06
ORD-11910,2024-07-09,Customer 550,Corporate,North,Clothing,Jeans,7,12.54,0.05,83.39,28.09
ORD-10270,2024-07-09,Customer 94,Consumer,East,Home & Kitchen,Cookware Set,5,43.91,0.2,175.64,27.78
ORD-12593,2024-07-10,Customer 18,Home Office,West,Electronics,Headphones,2,550.62,0.1,991.12,79.75
ORD-10613,2024-07-10,Customer 586,Consumer,North,Electronics,Smartwatch,5,710.18,0.05,3373.35,576.34
ORD-12636,2024-07-10,Customer 289,Consumer,East,Stationery,Whiteboard,7,26.74,0.0,187.18,28.39
ORD-12825,2024-07-10,Customer 147,Consumer,West,Stationery,Whiteboard,6,17.77,0.2,85.3,21.01
ORD-10999,2024-07-10,Customer 343,Consumer,South,Clothing,Jacket,7,27.79,0.05,184.8,47.39
ORD-11417,2024-07-11,Customer 875,Consumer,West,Furniture,Bookshelf,2,616.69,0.1,1110.04,127.79
ORD-11335,2024-07-11,Customer 867,Corporate,East,Clothing,Sneakers,1,84.54,0.0,84.54,19.88
ORD-10080,2024-07-11,Customer 214,Home Office,North,Clothing,Sneakers,2,63.73,0.1,114.71,17.71
ORD-11941,2024-07-12,Customer 431,Corporate,South,Stationery,Desk Organizer,3,6.57,0.0,19.71,3.32
ORD-12461,2024-07-12,Customer 509,Home Office,Central,Furniture,Office Chair,1,503.29,0.0,503.29,128.95
ORD-12385,2024-07-12,Customer 895,Corporate,South,Clothing,Jeans,5,16.52,0.1,74.34,10.81
ORD-11794,2024-07-12,Customer 461,Consumer,South,Clothing,Jacket,2,73.23,0.0,146.46,28.53
ORD-12774,2024-07-13,Customer 305,Corporate,East,Home & Kitchen,Air Fryer,4,26.79,0.0,107.16,31.19
ORD-11821,2024-07-13,Customer 620,Consumer,West,Electronics,Headphones,3,716.63,0.0,2149.89,636.74
ORD-10890,2024-07-13,Customer 681,Consumer,Central,Electronics,Tablet,2,656.28,0.0,1312.56,324.24
ORD-12912,2024-07-13,Customer 537,Consumer,West,Electronics,Smartphone,2,896.55,0.05,1703.44,348.89
ORD-12178,2024-07-13,Customer 384,Corporate,North,Home & Kitchen,Cookware Set,5,168.08,0.05,798.38,80.89
ORD-12641,2024-07-13,Customer 234,Consumer,Central,Clothing,Sneakers,5,71.29,0.05,338.63,45.37
ORD-11563,2024-07-14,Customer 690,Consumer,North,Furniture,Bookshelf,5,370.84,0.0,1854.2,501.68
ORD-12870,2024-07-14,Customer 883,Consumer,East,Clothing,Jacket,2,31.81,0.0,63.62,5.81
ORD-11878,2024-07-14,Customer 662,Corporate,South,Electronics,Laptop,2,811.13,0.0,1622.26,276.2
ORD-10829,2024-07-14,Customer 465,Consumer,South,Clothing,Jacket,1,88.17,0.0,88.17,14.85
ORD-10691,2024-07-14,Customer 165,Consumer,South,Clothing,Sneakers,2,44.77,0.15,76.11,8.96
ORD-12253,2024-07-14,Customer 15,Home Office,West,Clothing,Sneakers,5,11.31,0.0,56.55,7.35
ORD-12168,2024-07-14,Customer 326,Corporate,West,Clothing,Sneakers,7,27.86,0.05,185.27,11.43
ORD-11183,2024-07-14,Customer 870,Home Office,Central,Stationery,Desk Organizer,2,13.32,0.15,22.64,-0.24
ORD-10846,2024-07-14,Customer 542,Consumer,West,Stationery,Whiteboard,2,30.64,0.05,58.22,15.83
ORD-12581,2024-07-14,Customer 784,Corporate,East,Clothing,Sneakers,3,33.43,0.05,95.28,14.67
ORD-10103,2024-07-14,Customer 716,Corporate,Central,Clothing,Sneakers,1,11.0,0.0,11.0,1.9
ORD-11449,2024-07-15,Customer 692,Consumer,West,Clothing,Cap,6,48.57,0.0,291.42,29.96
ORD-12309,2024-07-15,Customer 114,Home Office,North,Stationery,Whiteboard,2,31.84,0.0,63.68,16.24
ORD-12506,2024-07-15,Customer 278,Corporate,Central,Electronics,Smartphone,6,873.52,0.15,4454.95,1322.27
ORD-10032,2024-07-15,Customer 535,Consumer,West,Home & Kitchen,Cookware Set,4,27.31,0.0,109.24,32.49
ORD-12726,2024-07-15,Customer 364,Consumer,Central,Home & Kitchen,Air Fryer,4,107.4,0.0,429.6,50.14
ORD-12637,2024-07-16,Customer 280,Consumer,South,Electronics,Smartphone,1,668.93,0.0,668.93,49.8
ORD-11126,2024-07-16,Customer 317,Home Office,East,Electronics,Smartphone,3,435.43,0.0,1306.29,395.77
ORD-12523,2024-07-16,Customer 561,Consumer,East,Furniture,Sofa,5,665.98,0.15,2830.41,383.45
ORD-10158,2024-07-17,Customer 289,Corporate,East,Clothing,Jeans,3,54.35,0.0,163.05,26.67
ORD-12251,2024-07-17,Customer 813,Consumer,South,Home & Kitchen,Lamp,3,99.59,0.0,298.77,81.7
ORD-11642,2024-07-17,Customer 407,Home Office,South,Home & Kitchen,Vacuum Cleaner,3,112.42,0.0,337.26,115.34
ORD-11203,2024-07-17,Customer 8,Corporate,South,Home & Kitchen,Air Fryer,3,172.17,0.0,516.51,98.82
ORD-12419,2024-07-18,Customer 507,Corporate,South,Home & Kitchen,Blender,6,157.54,0.0,945.24,290.64
ORD-12606,2024-07-18,Customer 489,Consumer,North,Home & Kitchen,Lamp,4,150.57,0.0,602.28,128.29
ORD-10329,2024-07-18,Customer 604,Corporate,East,Furniture,Office Chair,6,228.05,0.0,1368.3,278.23
ORD-10350,2024-07-19,Customer 373,Corporate,West,Clothing,Cap,7,46.63,0.0,326.41,47.43
ORD-12601,2024-07-19,Customer 879,Corporate,North,Furniture,Bookshelf,3,551.08,0.0,1653.24,210.12
ORD-10521,2024-07-19,Customer 64,Corporate,North,Electronics,Smartphone,5,770.79,0.0,3853.95,730.52
ORD-12725,2024-07-19,Customer 874,Consumer,South,Electronics,Smartwatch,7,490.45,0.05,3261.49,921.8
ORD-11407,2024-07-19,Customer 552,Corporate,South,Clothing,Jeans,6,47.62,0.15,242.86,29.13
ORD-12913,2024-07-20,Customer 505,Home Office,North,Electronics,Tablet,4,63.44,0.0,253.76,39.2
ORD-11192,2024-07-20,Customer 723,Corporate,East,Furniture,Sofa,6,478.9,0.1,2586.06,645.07
ORD-10739,2024-07-20,Customer 198,Home Office,Central,Stationery,Notebook,6,13.53,0.0,81.18,15.1
ORD-11382,2024-07-20,Customer 656,Consumer,North,Clothing,Jacket,7,78.0,0.15,464.1,120.5
ORD-12911,2024-07-21,Customer 132,Consumer,South,Electronics,Headphones,2,69.22,0.0,138.44,15.08
ORD-11168,2024-07-21,Customer 629,Consumer,East,Clothing,Jeans,7,63.96,0.0,447.72,42.23
ORD-11867,2024-07-21,Customer 235,Home Office,North,Furniture,Office Chair,4,381.71,0.0,1526.84,85.0
ORD-11469,2024-07-21,Customer 687,Consumer,North,Furniture,Bed Frame,1,642.92,0.0,642.92,216.42
ORD-12337,2024-07-22,Customer 642,Corporate,East,Stationery,Pen Set,4,5.06,0.0,20.24,3.96
ORD-12965,2024-07-22,Customer 341,Corporate,South,Furniture,Bed Frame,5,104.8,0.0,524.0,26.96
ORD-11439,2024-07-22,Customer 134,Consumer,East,Clothing,Jacket,7,15.54,0.15,92.46,1.52
ORD-11917,2024-07-22,Customer 57,Consumer,Central,Furniture,Sofa,6,589.32,0.0,3535.92,744.82
ORD-10653,2024-07-23,Customer 306,Home Office,West,Home & Kitchen,Air Fryer,7,66.27,0.0,463.89,144.1
ORD-12528,2024-07-24,Customer 182,Corporate,West,Home & Kitchen,Blender,5,19.25,0.0,96.25,31.99
ORD-10368,2024-07-24,Customer 72,Corporate,North,Home & Kitchen,Air Fryer,3,35.49,0.05,101.15,13.95
ORD-11927,2024-07-24,Customer 485,Corporate,South,Electronics,Laptop,1,477.64,0.0,477.64,61.9
ORD-10176,2024-07-25,Customer 213,Home Office,North,Clothing,Cap,1,88.18,0.0,88.18,8.47
ORD-10036,2024-07-25,Customer 47,Consumer,South,Clothing,T-Shirt,1,76.68,0.15,65.18,0.2
ORD-10566,2024-07-26,Customer 560,Home Office,Central,Clothing,Jacket,5,18.74,0.1,84.33,12.59
ORD-12303,2024-07-26,Customer 87,Home Office,North,Clothing,Cap,2,67.54,0.0,135.08,39.17
ORD-11653,2024-07-26,Customer 181,Corporate,South,Furniture,Bed Frame,5,396.36,0.1,1783.62,271.19
ORD-11237,2024-07-26,Customer 10,Consumer,South,Furniture,Desk,4,613.61,0.0,2454.44,816.97
ORD-11744,2024-07-27,Customer 14,Consumer,East,Home & Kitchen,Blender,4,146.05,0.15,496.57,161.36
ORD-11460,2024-07-27,Customer 806,Home Office,North,Clothing,Jeans,2,61.45,0.2,98.32,10.51
ORD-11778,2024-07-28,Customer 255,Consumer,North,Electronics,Smartphone,2,549.62,0.15,934.35,213.66
ORD-11360,2024-07-28,Customer 602,Consumer,East,Electronics,Smartwatch,7,432.09,0.15,2570.94,548.04
ORD-10676,2024-07-28,Customer 276,Consumer,East,Home & Kitchen,Cookware Set,7,184.32,0.0,1290.24,434.0
ORD-11649,2024-07-29,Customer 315,Corporate,East,Clothing,Jeans,3,85.96,0.0,257.88,33.32
ORD-12278,2024-07-29,Customer 9,Corporate,South,Stationery,Whiteboard,3,15.05,0.0,45.15,9.37
ORD-11160,2024-07-29,Customer 869,Consumer,East,Home & Kitchen,Lamp,7,148.08,0.0,1036.56,362.5
ORD-10656,2024-07-29,Customer 796,Consumer,West,Electronics,Tablet,4,816.16,0.2,2611.71,460.81
ORD-10686,2024-07-30,Customer 538,Corporate,Central,Clothing,Cap,4,14.6,0.0,58.4,15.34
ORD-10276,2024-07-30,Customer 53,Home Office,Central,Clothing,Jeans,3,73.49,0.0,220.47,57.21
ORD-12989,2024-07-31,Customer 568,Consumer,Central,Clothing,Cap,4,71.5,0.1,257.4,52.32
ORD-12443,2024-07-31,Customer 65,Corporate,East,Stationery,Backpack,4,38.25,0.0,153.0,9.08
ORD-11279,2024-07-31,Customer 357,Corporate,South,Home & Kitchen,Blender,7,47.28,0.0,330.96,113.18
ORD-12786,2024-07-31,Customer 323,Consumer,South,Clothing,Sneakers,2,55.03,0.15,93.55,14.51
ORD-12279,2024-07-31,Customer 357,Consumer,North,Home & Kitchen,Lamp,5,123.65,0.0,618.25,111.28
ORD-11383,2024-08-01,Customer 698,Home Office,East,Stationery,Whiteboard,2,34.41,0.0,68.82,8.8
ORD-12038,2024-08-01,Customer 188,Corporate,East,Electronics,Tablet,4,402.28,0.0,1609.12,291.38
ORD-12410,2024-08-01,Customer 120,Consumer,South,Electronics,Smartphone,6,416.07,0.0,2496.42,603.78
ORD-11870,2024-08-01,Customer 699,Home Office,North,Electronics,Tablet,7,190.79,0.0,1335.53,356.78
ORD-12198,2024-08-01,Customer 824,Consumer,South,Stationery,Desk Organizer,6,30.99,0.0,185.94,26.58
ORD-12363,2024-08-02,Customer 882,Home Office,West,Stationery,Desk Organizer,5,37.09,0.0,185.45,20.94
ORD-10872,2024-08-02,Customer 262,Home Office,South,Electronics,Smartwatch,2,789.49,0.2,1263.18,178.34
ORD-10428,2024-08-02,Customer 734,Corporate,North,Stationery,Backpack,5,7.78,0.05,36.95,10.25
ORD-12677,2024-08-02,Customer 756,Corporate,South,Electronics,Tablet,3,175.44,0.05,500.0,70.74
ORD-12273,2024-08-03,Customer 584,Corporate,South,Home & Kitchen,Air Fryer,3,109.48,0.0,328.44,106.11
ORD-10766,2024-08-03,Customer 221,Consumer,Central,Clothing,Cap,5,48.58,0.15,206.46,13.9
ORD-12747,2024-08-03,Customer 119,Consumer,West,Clothing,Cap,7,36.01,0.0,252.07,43.94
ORD-12319,2024-08-03,Customer 745,Corporate,North,Furniture,Desk,7,322.7,0.05,2145.95,244.71
ORD-11174,2024-08-03,Customer 654,Consumer,East,Clothing,Sneakers,5,37.67,0.0,188.35,39.33
ORD-12765,2024-08-04,Customer 474,Home Office,Central,Stationery,Notebook,3,3.72,0.1,10.04,2.14
ORD-11257,2024-08-04,Customer 42,Corporate,North,Electronics,Smartphone,4,454.07,0.2,1453.02,360.28
ORD-10386,2024-08-04,Customer 168,Consumer,North,Clothing,T-Shirt,3,19.9,0.0,59.7,4.24
ORD-10398,2024-08-04,Customer 498,Consumer,West,Stationery,Pen Set,4,38.94,0.0,155.76,30.64
ORD-10722,2024-08-05,Customer 25,Consumer,Central,Clothing,T-Shirt,4,76.66,0.0,306.64,88.73
ORD-10501,2024-08-05,Customer 688,Consumer,West,Electronics,Laptop,6,144.8,0.1,781.92,82.83
ORD-10400,2024-08-05,Customer 687,Consumer,East,Furniture,Office Chair,7,197.04,0.2,1103.42,96.57
ORD-12991,2024-08-06,Customer 730,Consumer,West,Electronics,Smartphone,2,833.0,0.0,1666.0,156.69
ORD-11596,2024-08-07,Customer 550,Corporate,West,Stationery,Notebook,1,26.1,0.2,20.88,-3.5
ORD-10288,2024-08-07,Customer 384,Consumer,North,Stationery,Notebook,6,23.29,0.1,125.77,24.74
ORD-11051,2024-08-07,Customer 438,Consumer,Central,Furniture,Office Chair,5,351.51,0.0,1757.55,364.46
ORD-12647,2024-08-07,Customer 83,Corporate,West,Furniture,Bookshelf,1,170.55,0.15,144.97,42.33
ORD-12801,2024-08-07,Customer 415,Home Office,North,Electronics,Tablet,1,420.1,0.2,336.08,48.29
ORD-10336,2024-08-08,Customer 186,Consumer,North,Home & Kitchen,Lamp,2,159.81,0.0,319.62,63.64
ORD-10112,2024-08-08,Customer 65,Home Office,Central,Stationery,Desk Organizer,5,38.26,0.0,191.3,27.04
ORD-11408,2024-08-08,Customer 897,Consumer,North,Stationery,Backpack,3,13.04,0.0,39.12,3.4
ORD-11728,2024-08-09,Customer 577,Consumer,East,Furniture,Desk,3,419.0,0.15,1068.45,154.9
ORD-11884,2024-08-10,Customer 149,Consumer,Central,Furniture,Desk,1,319.3,0.05,303.33,65.88
ORD-10841,2024-08-10,Customer 613,Corporate,East,Electronics,Smartphone,4,533.32,0.0,2133.28,386.92
ORD-11095,2024-08-10,Customer 651,Corporate,West,Home & Kitchen,Blender,7,24.86,0.0,174.02,16.94
ORD-12432,2024-08-10,Customer 441,Home Office,East,Stationery,Notebook,6,34.74,0.1,187.6,21.42
ORD-12201,2024-08-10,Customer 187,Home Office,South,Home & Kitchen,Blender,6,15.43,0.05,87.95,11.88
ORD-12706,2024-08-11,Customer 735,Corporate,North,Stationery,Desk Organizer,1,9.16,0.0,9.16,0.62
ORD-11908,2024-08-11,Customer 619,Consumer,West,Electronics,Laptop,1,353.47,0.05,335.8,44.82
ORD-10286,2024-08-12,Customer 511,Home Office,East,Home & Kitchen,Blender,4,83.37,0.0,333.48,33.71
ORD-10881,2024-08-12,Customer 337,Corporate,North,Stationery,Desk Organizer,1,28.62,0.0,28.62,1.48
ORD-12248,2024-08-12,Customer 383,Consumer,South,Home & Kitchen,Blender,5,193.42,0.0,967.1,205.19
ORD-11516,2024-08-12,Customer 337,Consumer,North,Electronics,Smartwatch,4,247.72,0.0,990.88,225.53
ORD-12002,2024-08-12,Customer 416,Consumer,Central,Electronics,Laptop,2,803.9,0.0,1607.8,98.38
ORD-12407,2024-08-12,Customer 411,Home Office,North,Clothing,Jacket,7,48.47,0.0,339.29,48.54
ORD-10743,2024-08-13,Customer 46,Consumer,South,Furniture,Bookshelf,1,649.52,0.0,649.52,68.13
ORD-12060,2024-08-13,Customer 457,Home Office,North,Home & Kitchen,Air Fryer,7,104.81,0.0,733.67,112.69
ORD-12785,2024-08-13,Customer 335,Consumer,Central,Clothing,Sneakers,1,55.29,0.0,55.29,16.64
ORD-11615,2024-08-13,Customer 372,Corporate,West,Electronics,Laptop,6,277.96,0.0,1667.76,279.39
ORD-11556,2024-08-13,Customer 875,Consumer,South,Furniture,Desk,6,95.59,0.0,573.54,50.17
ORD-12649,2024-08-13,Customer 797,Consumer,South,Electronics,Smartwatch,2,682.77,0.0,1365.54,384.83
ORD-10142,2024-08-13,Customer 697,Consumer,North,Electronics,Laptop,6,426.51,0.0,2559.06,628.7
ORD-12814,2024-08-14,Customer 806,Corporate,West,Home & Kitchen,Lamp,1,182.75,0.0,182.75,19.53
ORD-11968,2024-08-14,Customer 261,Consumer,East,Furniture,Sofa,1,481.23,0.0,481.23,164.8
ORD-12162,2024-08-15,Customer 598,Consumer,South,Furniture,Desk,3,398.5,0.0,1195.5,232.53
ORD-11389,2024-08-15,Customer 416,Consumer,North,Clothing,Cap,1,21.73,0.0,21.73,4.47
ORD-10332,2024-08-15,Customer 225,Home Office,North,Clothing,Jacket,3,29.78,0.0,89.34,27.53
ORD-12754,2024-08-15,Customer 889,Corporate,West,Electronics,Smartwatch,1,567.88,0.05,539.49,96.6
ORD-11025,2024-08-15,Customer 572,Consumer,East,Clothing,T-Shirt,2,42.42,0.0,84.84,22.65
ORD-10673,2024-08-15,Customer 102,Consumer,North,Furniture,Desk,5,394.23,0.0,1971.15,615.92
ORD-12346,2024-08-15,Customer 758,Corporate,South,Electronics,Smartwatch,1,473.78,0.0,473.78,143.97
ORD-11875,2024-08-15,Customer 520,Consumer,Central,Furniture,Office Chair,3,142.62,0.0,427.86,129.58
ORD-11710,2024-08-16,Customer 849,Home Office,East,Electronics,Headphones,4,279.32,0.2,893.82,283.39
ORD-11695,2024-08-16,Customer 167,Consumer,East,Clothing,Jacket,4,38.94,0.0,155.76,50.45
ORD-12452,2024-08-16,Customer 453,Consumer,North,Home & Kitchen,Cookware Set,7,47.7,0.05,317.21,41.52
ORD-12718,2024-08-16,Customer 110,Consumer,West,Stationery,Desk Organizer,6,22.32,0.1,120.53,20.94
ORD-10282,2024-08-16,Customer 470,Consumer,East,Clothing,Sneakers,6,35.97,0.0,215.82,49.52
ORD-12437,2024-08-17,Customer 557,Corporate,Central,Electronics,Smartphone,4,892.62,0.0,3570.48,1207.03
ORD-11187,2024-08-17,Customer 277,Home Office,North,Electronics,Smartphone,4,295.02,0.0,1180.08,326.35
ORD-11689,2024-08-17,Customer 534,Consumer,South,Home & Kitchen,Air Fryer,5,117.9,0.0,589.5,35.84
ORD-10271,2024-08-17,Customer 836,Consumer,East,Stationery,Desk Organizer,5,7.22,0.15,30.68,-0.57
ORD-11658,2024-08-19,Customer 477,Home Office,North,Stationery,Whiteboard,3,7.38,0.2,17.71,0.42
ORD-10788,2024-08-19,Customer 283,Consumer,Central,Clothing,T-Shirt,7,50.55,0.1,318.46,70.86
ORD-10665,2024-08-19,Customer 849,Home Office,West,Electronics,Laptop,1,231.52,0.0,231.52,20.55
ORD-10268,2024-08-19,Customer 53,Corporate,Central,Electronics,Smartphone,2,665.67,0.0,1331.34,392.44
ORD-10369,2024-08-20,Customer 853,Consumer,West,Home & Kitchen,Lamp,6,146.15,0.0,876.9,129.65
ORD-12548,2024-08-20,Customer 286,Home Office,North,Home & Kitchen,Blender,6,47.52,0.0,285.12,99.76
ORD-10833,2024-08-20,Customer 474,Home Office,East,Furniture,Sofa,6,559.15,0.2,2683.92,470.88
ORD-11315,2024-08-20,Customer 613,Consumer,East,Electronics,Tablet,7,282.77,0.0,1979.39,481.85
ORD-10033,2024-08-20,Customer 139,Consumer,North,Stationery,Pen Set,5,13.53,0.0,67.65,3.81
ORD-10523,2024-08-21,Customer 431,Corporate,West,Home & Kitchen,Vacuum Cleaner,4,199.68,0.1,718.85,221.94
ORD-10094,2024-08-21,Customer 100,Consumer,Central,Electronics,Headphones,2,86.28,0.0,172.56,21.14
ORD-10669,2024-08-21,Customer 569,Corporate,West,Electronics,Tablet,3,141.17,0.0,423.51,141.17
ORD-11230,2024-08-21,Customer 349,Consumer,South,Home & Kitchen,Air Fryer,7,17.56,0.05,116.77,39.88
ORD-11536,2024-08-21,Customer 671,Consumer,West,Furniture,Desk,7,290.53,0.15,1728.65,263.14
ORD-12907,2024-08-22,Customer 133,Home Office,North,Stationery,Notebook,7,20.59,0.0,144.13,36.11
ORD-11171,2024-08-22,Customer 646,Corporate,West,Electronics,Headphones,2,410.89,0.0,821.78,177.94
ORD-11989,2024-08-22,Customer 740,Corporate,North,Electronics,Headphones,4,133.35,0.1,480.06,35.53
ORD-11361,2024-08-22,Customer 201,Consumer,North,Stationery,Whiteboard,1,16.11,0.0,16.11,4.62
ORD-10437,2024-08-22,Customer 685,Home Office,Central,Clothing,Cap,2,34.54,0.0,69.08,9.82
ORD-10484,2024-08-23,Customer 863,Consumer,North,Stationery,Pen Set,3,18.74,0.15,47.79,7.64
ORD-11982,2024-08-24,Customer 502,Consumer,South,Electronics,Laptop,4,267.61,0.0,1070.44,287.61
ORD-10531,2024-08-24,Customer 23,Consumer,East,Stationery,Notebook,7,3.67,0.0,25.69,7.54
ORD-12071,2024-08-24,Customer 651,Home Office,North,Home & Kitchen,Blender,4,151.33,0.2,484.26,159.06
ORD-11779,2024-08-24,Customer 879,Corporate,Central,Stationery,Pen Set,2,32.29,0.0,64.58,20.28
ORD-11522,2024-08-25,Customer 600,Consumer,East,Electronics,Smartwatch,3,196.92,0.0,590.76,173.11
ORD-11072,2024-08-26,Customer 174,Consumer,South,Furniture,Office Chair,2,323.37,0.0,646.74,52.05
ORD-10407,2024-08-26,Customer 762,Home Office,East,Home & Kitchen,Blender,2,126.8,0.0,253.6,77.25
ORD-10179,2024-08-26,Customer 605,Consumer,East,Electronics,Smartwatch,2,608.68,0.0,1217.36,144.37
ORD-10272,2024-08-26,Customer 228,Consumer,East,Clothing,Jacket,7,81.87,0.05,544.44,38.19
ORD-11004,2024-08-26,Customer 334,Corporate,Central,Furniture,Office Chair,7,266.16,0.0,1863.12,280.43
ORD-11083,2024-08-28,Customer 878,Corporate,East,Home & Kitchen,Air Fryer,2,162.5,0.0,325.0,30.87
ORD-12029,2024-08-28,Customer 28,Home Office,Central,Electronics,Smartwatch,6,884.21,0.05,5040.0,1762.63
ORD-10635,2024-08-28,Customer 613,Corporate,East,Stationery,Notebook,2,25.51,0.0,51.02,12.88
ORD-10574,2024-08-29,Customer 424,Home Office,South,Clothing,Jacket,1,68.29,0.0,68.29,18.31
ORD-11157,2024-08-29,Customer 184,Corporate,West,Home & Kitchen,Cookware Set,5,40.44,0.0,202.2,45.7
ORD-12945,2024-08-30,Customer 219,Consumer,Central,Clothing,Jacket,2,88.58,0.0,177.16,10.14
ORD-12678,2024-08-30,Customer 175,Consumer,West,Stationery,Backpack,4,32.23,0.15,109.58,23.04
ORD-12939,2024-08-30,Customer 123,Consumer,North,Electronics,Laptop,5,314.53,0.1,1415.38,190.78
ORD-12007,2024-08-30,Customer 441,Home Office,Central,Furniture,Bookshelf,2,425.96,0.0,851.92,120.31
ORD-11673,2024-08-31,Customer 441,Corporate,North,Electronics,Tablet,5,896.23,0.0,4481.15,946.32
ORD-10093,2024-08-31,Customer 640,Consumer,South,Stationery,Pen Set,7,20.05,0.0,140.35,9.01
ORD-11589,2024-08-31,Customer 427,Corporate,Central,Electronics,Smartwatch,6,243.26,0.0,1459.56,243.74
ORD-10663,2024-09-01,Customer 440,Consumer,Central,Electronics,Headphones,7,383.23,0.1,2414.35,125.13
ORD-11625,2024-09-01,Customer 875,Home Office,South,Electronics,Laptop,2,261.65,0.05,497.13,159.67
ORD-10409,2024-09-01,Customer 739,Corporate,Central,Furniture,Bookshelf,6,290.89,0.0,1745.34,141.47
ORD-10639,2024-09-02,Customer 93,Corporate,North,Electronics,Smartphone,4,142.96,0.0,571.84,104.47
ORD-10994,2024-09-02,Customer 849,Corporate,South,Clothing,Sneakers,7,25.63,0.0,179.41,31.54
ORD-10923,2024-09-02,Customer 583,Home Office,North,Furniture,Bed Frame,2,317.8,0.2,508.48,104.44
ORD-12576,2024-09-02,Customer 152,Consumer,East,Clothing,T-Shirt,4,80.08,0.1,288.29,81.71
ORD-11367,2024-09-03,Customer 383,Corporate,West,Stationery,Whiteboard,6,21.8,0.05,124.26,40.54
ORD-10208,2024-09-03,Customer 317,Home Office,Central,Home & Kitchen,Air Fryer,3,197.07,0.0,591.21,113.62
ORD-12395,2024-09-04,Customer 422,Corporate,North,Electronics,Tablet,2,65.71,0.0,131.42,29.9
ORD-12331,2024-09-04,Customer 403,Consumer,West,Clothing,Jeans,1,67.58,0.0,67.58,20.43
ORD-12721,2024-09-04,Customer 22,Consumer,South,Furniture,Office Chair,4,524.43,0.15,1783.06,489.35
ORD-10517,2024-09-04,Customer 301,Consumer,Central,Home & Kitchen,Blender,6,17.61,0.0,105.66,12.21
ORD-12027,2024-09-04,Customer 49,Corporate,West,Electronics,Tablet,5,817.45,0.0,4087.25,1088.77
ORD-12130,2024-09-05,Customer 222,Consumer,East,Furniture,Sofa,2,459.61,0.0,919.22,302.65
ORD-11027,2024-09-05,Customer 602,Consumer,Central,Clothing,Jacket,1,55.27,0.0,55.27,10.19
ORD-10189,2024-09-05,Customer 676,Consumer,North,Clothing,Jacket,7,29.27,0.0,204.89,27.01
ORD-11737,2024-09-05,Customer 283,Corporate,Central,Stationery,Whiteboard,2,10.04,0.15,17.07,-1.08
ORD-11341,2024-09-05,Customer 119,Corporate,North,Stationery,Pen Set,5,22.84,0.0,114.2,38.06
ORD-10429,2024-09-05,Customer 580,Corporate,Central,Clothing,Jacket,5,10.05,0.05,47.74,10.51
ORD-11430,2024-09-06,Customer 183,Corporate,North,Furniture,Bed Frame,5,486.81,0.05,2312.35,254.33
ORD-12173,2024-09-06,Customer 566,Consumer,South,Stationery,Whiteboard,4,4.16,0.0,16.64,5.49
ORD-11066,2024-09-06,Customer 315,Consumer,East,Electronics,Laptop,2,89.79,0.05,170.6,15.25
ORD-11987,2024-09-06,Customer 792,Home Office,East,Electronics,Tablet,5,521.35,0.1,2346.08,127.6
ORD-10434,2024-09-06,Customer 424,Consumer,East,Stationery,Desk Organizer,5,15.21,0.0,76.05,26.56
ORD-11419,2024-09-06,Customer 236,Home Office,West,Electronics,Laptop,7,167.15,0.2,936.04,95.21
ORD-12889,2024-09-07,Customer 403,Consumer,East,Home & Kitchen,Blender,2,113.42,0.1,204.16,37.08
ORD-10293,2024-09-07,Customer 232,Corporate,South,Electronics,Smartwatch,7,892.65,0.0,6248.55,544.73
ORD-10359,2024-09-07,Customer 600,Corporate,East,Electronics,Smartwatch,7,800.8,0.0,5605.6,821.08
ORD-12566,2024-09-07,Customer 262,Home Office,East,Furniture,Office Chair,2,401.21,0.0,802.42,67.19
ORD-12944,2024-09-07,Customer 62,Consumer,North,Stationery,Whiteboard,2,39.03,0.0,78.06,9.77
ORD-12074,2024-09-08,Customer 205,Home Office,Central,Stationery,Desk Organizer,1,17.14,0.0,17.14,5.35
ORD-10507,2024-09-08,Customer 352,Corporate,East,Stationery,Notebook,5,32.44,0.0,162.2,9.74
ORD-12223,2024-09-08,Customer 714,Corporate,North,Stationery,Pen Set,1,33.07,0.05,31.42,8.65
ORD-11957,2024-09-08,Customer 307,Corporate,East,Clothing,T-Shirt,7,86.52,0.05,575.36,106.0
ORD-11525,2024-09-08,Customer 194,Consumer,North,Furniture,Desk,4,534.49,0.0,2137.96,127.59
ORD-12848,2024-09-08,Customer 384,Home Office,Central,Furniture,Bed Frame,1,502.3,0.0,502.3,56.81
ORD-11921,2024-09-09,Customer 745,Home Office,North,Stationery,Whiteboard,2,14.21,0.0,28.42,2.28
ORD-10698,2024-09-09,Customer 373,Corporate,North,Electronics,Tablet,1,510.5,0.15,433.93,125.96
ORD-12829,2024-09-09,Customer 73,Consumer,North,Clothing,Sneakers,6,17.21,0.0,103.26,15.5
ORD-10512,2024-09-09,Customer 115,Home Office,Central,Clothing,Sneakers,6,68.06,0.05,387.94,75.76
ORD-11079,2024-09-09,Customer 713,Consumer,Central,Stationery,Backpack,4,34.95,0.1,125.82,40.12
ORD-10544,2024-09-10,Customer 99,Home Office,North,Furniture,Desk,4,645.43,0.0,2581.72,424.45
ORD-12254,2024-09-10,Customer 619,Home Office,West,Electronics,Smartwatch,3,85.14,0.0,255.42,63.91
ORD-12314,2024-09-10,Customer 740,Home Office,South,Furniture,Sofa,3,326.91,0.0,980.73,113.25
ORD-12971,2024-09-10,Customer 334,Consumer,Central,Clothing,Sneakers,6,88.02,0.0,528.12,120.06
ORD-10578,2024-09-10,Customer 64,Consumer,East,Clothing,T-Shirt,6,59.0,0.0,354.0,103.11
ORD-12252,2024-09-11,Customer 336,Consumer,North,Electronics,Laptop,7,666.71,0.0,4666.97,375.98
ORD-10731,2024-09-11,Customer 895,Consumer,West,Furniture,Sofa,4,411.98,0.2,1318.34,148.33
ORD-12717,2024-09-11,Customer 559,Consumer,North,Electronics,Smartphone,1,820.53,0.0,820.53,63.8
ORD-11719,2024-09-11,Customer 273,Consumer,Central,Stationery,Pen Set,6,4.75,0.1,25.65,8.6
ORD-10296,2024-09-11,Customer 112,Consumer,South,Clothing,T-Shirt,6,84.52,0.0,507.12,141.79
ORD-10259,2024-09-11,Customer 216,Consumer,Central,Furniture,Office Chair,6,147.11,0.0,882.66,52.82
ORD-10892,2024-09-11,Customer 241,Consumer,North,Clothing,Sneakers,2,39.47,0.1,71.05,6.63
ORD-11228,2024-09-11,Customer 450,Corporate,West,Clothing,Cap,2,11.19,0.0,22.38,5.54
ORD-11743,2024-09-12,Customer 549,Consumer,North,Home & Kitchen,Blender,3,75.84,0.0,227.52,39.4
ORD-10626,2024-09-12,Customer 833,Home Office,West,Home & Kitchen,Blender,1,36.59,0.0,36.59,10.25
ORD-12807,2024-09-12,Customer 355,Consumer,East,Furniture,Sofa,3,520.61,0.0,1561.83,102.34
ORD-10185,2024-09-12,Customer 246,Corporate,North,Clothing,T-Shirt,6,81.58,0.0,489.48,164.86
ORD-11376,2024-09-12,Customer 225,Consumer,West,Clothing,Sneakers,4,49.25,0.0,197.0,37.18
ORD-11458,2024-09-13,Customer 397,Corporate,West,Home & Kitchen,Lamp,5,196.9,0.05,935.27,242.84
ORD-11698,2024-09-13,Customer 292,Consumer,South,Electronics,Laptop,1,715.73,0.05,679.94,73.81
ORD-11480,2024-09-14,Customer 548,Consumer,South,Furniture,Bookshelf,4,616.67,0.0,2466.68,437.0
ORD-11583,2024-09-14,Customer 547,Corporate,West,Furniture,Desk,2,356.45,0.1,641.61,131.03
ORD-10694,2024-09-14,Customer 494,Home Office,West,Clothing,Sneakers,5,38.93,0.0,194.65,62.51
ORD-12164,2024-09-14,Customer 236,Corporate,East,Stationery,Backpack,4,19.62,0.0,78.48,22.79
ORD-10260,2024-09-14,Customer 295,Consumer,North,Furniture,Desk,3,290.18,0.0,870.54,50.11
ORD-10420,2024-09-14,Customer 506,Home Office,North,Stationery,Backpack,6,33.4,0.0,200.4,69.21
ORD-11393,2024-09-15,Customer 152,Consumer,South,Furniture,Bookshelf,5,517.81,0.0,2589.05,391.13
ORD-11900,2024-09-15,Customer 851,Home Office,South,Stationery,Backpack,7,6.54,0.1,41.2,3.38
ORD-12652,2024-09-15,Customer 544,Home Office,West,Clothing,Sneakers,7,57.67,0.0,403.69,43.21
ORD-10463,2024-09-16,Customer 77,Corporate,West,Electronics,Laptop,5,867.94,0.1,3905.73,1288.48
ORD-11697,2024-09-16,Customer 383,Home Office,West,Electronics,Smartwatch,3,361.46,0.15,921.72,288.93
ORD-11905,2024-09-16,Customer 458,Consumer,South,Stationery,Notebook,4,30.82,0.0,123.28,42.82
ORD-10888,2024-09-17,Customer 640,Consumer,East,Electronics,Smartwatch,7,822.75,0.0,5759.25,1815.3
ORD-12378,2024-09-17,Customer 87,Home Office,West,Stationery,Desk Organizer,3,21.2,0.1,57.24,13.74
ORD-12616,2024-09-18,Customer 499,Consumer,South,Furniture,Bed Frame,1,693.6,0.0,693.6,203.14
ORD-11133,2024-09-18,Customer 102,Consumer,Central,Furniture,Bookshelf,4,690.59,0.05,2624.24,800.54
ORD-10236,2024-09-19,Customer 729,Corporate,East,Clothing,T-Shirt,4,72.13,0.05,274.09,22.16
ORD-11208,2024-09-20,Customer 775,Consumer,South,Electronics,Smartwatch,5,755.86,0.0,3779.3,589.7
ORD-11369,2024-09-20,Customer 595,Consumer,South,Furniture,Bookshelf,6,152.72,0.0,916.32,223.87
ORD-10823,2024-09-20,Customer 382,Consumer,South,Furniture,Bookshelf,3,160.17,0.0,480.51,29.01
ORD-12059,2024-09-20,Customer 686,Corporate,North,Clothing,Cap,2,11.1,0.05,21.09,2.79
ORD-11253,2024-09-20,Customer 43,Consumer,South,Furniture,Office Chair,7,567.04,0.0,3969.28,243.14
ORD-12349,2024-09-21,Customer 474,Corporate,West,Clothing,Cap,7,84.99,0.0,594.93,178.69
ORD-10604,2024-09-21,Customer 568,Corporate,West,Clothing,Jacket,4,30.07,0.0,120.28,19.14
ORD-12608,2024-09-21,Customer 533,Corporate,North,Clothing,Jacket,5,87.25,0.0,436.25,130.73
ORD-10915,2024-09-22,Customer 247,Corporate,East,Furniture,Desk,4,377.69,0.0,1510.76,487.22
ORD-11041,2024-09-22,Customer 613,Consumer,North,Home & Kitchen,Blender,3,125.77,0.0,377.31,83.31
ORD-11825,2024-09-22,Customer 736,Corporate,North,Electronics,Laptop,3,268.74,0.0,806.22,154.69
ORD-12208,2024-09-23,Customer 562,Consumer,Central,Electronics,Smartphone,2,509.41,0.0,1018.82,334.88
ORD-11955,2024-09-23,Customer 188,Home Office,Central,Electronics,Laptop,7,88.1,0.05,585.86,44.23
ORD-10581,2024-09-23,Customer 782,Consumer,North,Electronics,Smartphone,3,578.39,0.0,1735.17,189.14
ORD-10782,2024-09-23,Customer 116,Home Office,West,Electronics,Smartwatch,2,291.6,0.2,466.56,46.55
ORD-12313,2024-09-23,Customer 809,Consumer,North,Stationery,Whiteboard,5,30.3,0.2,121.2,22.29
ORD-12195,2024-09-23,Customer 117,Corporate,West,Furniture,Office Chair,2,407.59,0.0,815.18,92.71
ORD-11904,2024-09-23,Customer 649,Corporate,West,Stationery,Desk Organizer,4,33.38,0.0,133.52,21.23
ORD-11196,2024-09-23,Customer 624,Consumer,West,Electronics,Laptop,6,612.29,0.1,3306.37,344.89
ORD-11886,2024-09-23,Customer 298,Consumer,South,Electronics,Smartwatch,2,756.38,0.0,1512.76,375.19
ORD-10225,2024-09-24,Customer 847,Corporate,West,Electronics,Smartwatch,1,189.6,0.0,189.6,45.12
ORD-10190,2024-09-24,Customer 687,Consumer,East,Furniture,Office Chair,4,226.32,0.15,769.49,148.42
ORD-12089,2024-09-24,Customer 224,Consumer,South,Electronics,Smartphone,6,895.45,0.0,5372.7,717.59
ORD-10564,2024-09-24,Customer 875,Consumer,South,Stationery,Whiteboard,1,6.94,0.1,6.25,0.88
ORD-10469,2024-09-25,Customer 428,Home Office,South,Furniture,Bookshelf,5,467.1,0.0,2335.5,406.66
ORD-11344,2024-09-25,Customer 806,Home Office,South,Electronics,Smartwatch,3,278.33,0.0,834.99,220.87
ORD-12365,2024-09-25,Customer 223,Corporate,East,Electronics,Headphones,5,320.37,0.0,1601.85,359.16
ORD-10617,2024-09-25,Customer 136,Corporate,North,Stationery,Desk Organizer,2,11.91,0.0,23.82,4.03
ORD-12247,2024-09-26,Customer 340,Corporate,West,Electronics,Smartwatch,2,182.49,0.2,291.98,55.32
ORD-12509,2024-09-26,Customer 662,Home Office,Central,Furniture,Desk,4,636.05,0.0,2544.2,325.94
ORD-11450,2024-09-26,Customer 215,Consumer,North,Furniture,Office Chair,2,633.3,0.0,1266.6,148.07
ORD-12344,2024-09-26,Customer 327,Consumer,West,Stationery,Desk Organizer,6,8.83,0.1,47.68,4.27
ORD-12200,2024-09-26,Customer 684,Corporate,North,Stationery,Desk Organizer,3,37.04,0.0,111.12,16.45
ORD-10820,2024-09-26,Customer 501,Consumer,South,Furniture,Bookshelf,5,527.51,0.0,2637.55,624.84
ORD-10944,2024-09-27,Customer 486,Consumer,East,Electronics,Smartwatch,1,98.04,0.1,88.24,24.77
ORD-12315,2024-09-27,Customer 715,Consumer,East,Electronics,Headphones,1,888.45,0.05,844.03,76.41
ORD-12329,2024-09-27,Customer 178,Corporate,East,Home & Kitchen,Air Fryer,6,32.27,0.0,193.62,57.98
ORD-11021,2024-09-27,Customer 604,Consumer,South,Home & Kitchen,Blender,3,119.81,0.0,359.43,107.68
ORD-10404,2024-09-27,Customer 287,Consumer,East,Clothing,Sneakers,4,85.4,0.0,341.6,119.5
ORD-11110,2024-09-27,Customer 195,Corporate,South,Clothing,Sneakers,5,37.77,0.0,188.85,47.06
ORD-10071,2024-09-27,Customer 449,Home Office,Central,Clothing,Jeans,5,37.25,0.0,186.25,15.18
ORD-12735,2024-09-28,Customer 811,Consumer,South,Electronics,Smartphone,2,158.91,0.0,317.82,95.74
ORD-11784,2024-09-28,Customer 291,Consumer,North,Electronics,Smartwatch,3,713.05,0.0,2139.15,528.34
ORD-11423,2024-09-28,Customer 438,Consumer,West,Clothing,Sneakers,1,21.32,0.0,21.32,6.01
ORD-12511,2024-09-28,Customer 265,Consumer,South,Electronics,Tablet,7,582.94,0.1,3672.52,495.99
ORD-11395,2024-09-28,Customer 553,Consumer,West,Clothing,Cap,7,23.81,0.0,166.67,42.13
ORD-10836,2024-09-28,Customer 445,Corporate,North,Stationery,Backpack,6,30.55,0.0,183.3,23.32
ORD-10908,2024-09-29,Customer 95,Consumer,North,Stationery,Desk Organizer,2,6.57,0.0,13.14,1.77
ORD-10119,2024-09-29,Customer 825,Consumer,North,Furniture,Bookshelf,2,153.75,0.0,307.5,71.47
ORD-12732,2024-09-30,Customer 616,Consumer,West,Clothing,Sneakers,1,76.6,0.0,76.6,18.15
ORD-10426,2024-10-01,Customer 508,Home Office,East,Home & Kitchen,Vacuum Cleaner,3,187.44,0.0,562.32,147.09
ORD-12565,2024-10-01,Customer 57,Home Office,North,Stationery,Notebook,2,38.36,0.0,76.72,24.59
ORD-10591,2024-10-01,Customer 708,Consumer,South,Clothing,Sneakers,6,43.12,0.15,219.91,45.16
ORD-12805,2024-10-02,Customer 123,Corporate,South,Furniture,Desk,3,302.32,0.15,770.92,202.93
ORD-11077,2024-10-02,Customer 160,Consumer,East,Clothing,Jeans,2,42.71,0.0,85.42,7.55
ORD-10321,2024-10-02,Customer 206,Home Office,West,Stationery,Desk Organizer,3,38.51,0.15,98.2,16.74
ORD-10666,2024-10-02,Customer 744,Home Office,West,Home & Kitchen,Lamp,2,65.05,0.0,130.1,27.48
ORD-12924,2024-10-02,Customer 322,Corporate,West,Home & Kitchen,Lamp,5,198.74,0.0,993.7,89.2
ORD-11468,2024-10-02,Customer 466,Home Office,North,Clothing,Cap,7,59.37,0.0,415.59,30.14
ORD-12075,2024-10-03,Customer 149,Corporate,Central,Stationery,Desk Organizer,1,8.26,0.0,8.26,2.32
ORD-12156,2024-10-04,Customer 845,Home Office,South,Home & Kitchen,Air Fryer,6,60.24,0.0,361.44,25.74
ORD-10580,2024-10-04,Customer 189,Consumer,West,Electronics,Smartwatch,5,596.21,0.0,2981.05,845.85
ORD-10809,2024-10-04,Customer 98,Home Office,West,Electronics,Headphones,4,245.74,0.0,982.96,260.05
ORD-11216,2024-10-04,Customer 278,Corporate,Central,Electronics,Smartwatch,3,541.36,0.0,1624.08,480.21
ORD-12460,2024-10-04,Customer 261,Consumer,North,Electronics,Laptop,6,771.49,0.0,4628.94,723.28
ORD-10736,2024-10-04,Customer 563,Corporate,Central,Home & Kitchen,Air Fryer,2,16.88,0.0,33.76,2.28
ORD-11057,2024-10-04,Customer 353,Consumer,West,Electronics,Headphones,6,278.67,0.0,1672.02,90.86
ORD-11337,2024-10-05,Customer 710,Consumer,Central,Stationery,Backpack,5,12.54,0.05,59.56,12.01
ORD-11405,2024-10-05,Customer 783,Corporate,West,Furniture,Office Chair,7,671.93,0.0,4703.51,1274.63
ORD-10304,2024-10-06,Customer 345,Consumer,South,Electronics,Laptop,6,745.21,0.1,4024.13,1170.26
ORD-11158,2024-10-06,Customer 878,Consumer,Central,Electronics,Tablet,3,192.1,0.0,576.3,63.62
ORD-12330,2024-10-06,Customer 588,Home Office,West,Home & Kitchen,Air Fryer,6,197.59,0.0,1185.54,95.34
ORD-11424,2024-10-06,Customer 365,Corporate,Central,Stationery,Whiteboard,1,5.83,0.0,5.83,1.32
ORD-12033,2024-10-06,Customer 792,Home Office,West,Furniture,Office Chair,6,470.98,0.0,2825.88,801.94
ORD-11241,2024-10-06,Customer 8,Corporate,South,Electronics,Tablet,6,833.5,0.0,5001.0,875.74
ORD-11620,2024-10-07,Customer 269,Home Office,North,Furniture,Office Chair,6,177.5,0.15,905.25,301.87
ORD-11723,2024-10-07,Customer 636,Consumer,East,Electronics,Laptop,6,376.0,0.0,2256.0,118.18
ORD-10098,2024-10-07,Customer 286,Corporate,North,Home & Kitchen,Blender,6,151.64,0.15,773.36,171.44
ORD-12124,2024-10-08,Customer 475,Home Office,North,Clothing,Jeans,6,56.79,0.0,340.74,106.96
ORD-11922,2024-10-09,Customer 373,Consumer,Central,Furniture,Sofa,1,685.61,0.0,685.61,180.85
ORD-12793,2024-10-10,Customer 828,Corporate,Central,Home & Kitchen,Vacuum Cleaner,6,137.2,0.0,823.2,86.05
ORD-11038,2024-10-10,Customer 18,Consumer,West,Clothing,Jacket,1,74.86,0.0,74.86,22.31
ORD-11067,2024-10-10,Customer 51,Consumer,West,Electronics,Smartwatch,5,223.83,0.0,1119.15,69.26
ORD-12689,2024-10-10,Customer 511,Consumer,South,Stationery,Whiteboard,4,3.64,0.0,14.56,3.47
ORD-12049,2024-10-11,Customer 854,Corporate,West,Electronics,Tablet,2,146.38,0.0,292.76,63.44
ORD-10839,2024-10-11,Customer 126,Corporate,Central,Furniture,Bed Frame,3,332.82,0.0,998.46,119.83
ORD-11742,2024-10-11,Customer 527,Consumer,North,Electronics,Smartwatch,5,853.75,0.0,4268.75,225.9
ORD-10440,2024-10-11,Customer 40,Home Office,West,Furniture,Desk,2,133.82,0.2,214.11,61.55
ORD-12614,2024-10-11,Customer 34,Corporate,North,Clothing,Jacket,2,59.66,0.0,119.32,38.02
ORD-10373,2024-10-11,Customer 224,Corporate,Central,Clothing,Sneakers,6,83.49,0.15,425.8,28.75
ORD-10657,2024-10-11,Customer 28,Consumer,West,Furniture,Sofa,6,698.16,0.0,4188.96,1026.56
ORD-12109,2024-10-12,Customer 63,Corporate,Central,Stationery,Notebook,5,22.13,0.05,105.12,21.6
ORD-10294,2024-10-12,Customer 725,Corporate,East,Home & Kitchen,Vacuum Cleaner,3,180.12,0.0,540.36,117.13
ORD-12468,2024-10-12,Customer 681,Consumer,Central,Furniture,Desk,1,336.92,0.0,336.92,94.03
ORD-12489,2024-10-12,Customer 98,Consumer,North,Electronics,Tablet,3,271.37,0.0,814.11,164.65
ORD-12170,2024-10-13,Customer 111,Home Office,West,Electronics,Headphones,2,892.1,0.05,1694.99,321.71
ORD-12580,2024-10-13,Customer 129,Home Office,North,Stationery,Desk Organizer,7,5.84,0.0,40.88,3.45
ORD-10355,2024-10-13,Customer 838,Consumer,North,Clothing,Cap,4,40.72,0.0,162.88,56.86
ORD-12693,2024-10-13,Customer 466,Consumer,Central,Furniture,Office Chair,6,374.38,0.0,2246.28,440.04
ORD-11134,2024-10-13,Customer 785,Home Office,West,Clothing,T-Shirt,3,82.6,0.0,247.8,68.65
ORD-12515,2024-10-13,Customer 445,Corporate,South,Stationery,Notebook,6,7.08,0.0,42.48,8.26
ORD-12062,2024-10-13,Customer 48,Corporate,North,Clothing,T-Shirt,2,53.33,0.0,106.66,30.78
ORD-11861,2024-10-14,Customer 559,Corporate,South,Home & Kitchen,Lamp,6,59.25,0.05,337.72,44.69
ORD-12517,2024-10-14,Customer 746,Consumer,West,Home & Kitchen,Blender,2,197.96,0.0,395.92,137.44
ORD-10942,2024-10-14,Customer 520,Home Office,East,Furniture,Desk,2,149.06,0.0,298.12,62.15
ORD-10648,2024-10-14,Customer 236,Home Office,West,Clothing,Sneakers,3,29.31,0.0,87.93,19.01
ORD-12294,2024-10-14,Customer 396,Consumer,West,Electronics,Headphones,7,855.96,0.15,5092.96,874.56
ORD-10756,2024-10-15,Customer 636,Consumer,South,Clothing,Jeans,4,89.25,0.0,357.0,57.64
ORD-12860,2024-10-16,Customer 270,Corporate,West,Clothing,T-Shirt,4,40.01,0.2,128.03,31.57
ORD-12422,2024-10-16,Customer 314,Consumer,West,Furniture,Bed Frame,4,129.72,0.0,518.88,166.69
ORD-12595,2024-10-17,Customer 726,Consumer,East,Electronics,Smartphone,7,266.55,0.0,1865.85,447.76
ORD-10285,2024-10-17,Customer 522,Corporate,North,Electronics,Tablet,6,478.32,0.0,2869.92,855.32
ORD-10753,2024-10-17,Customer 649,Corporate,South,Stationery,Whiteboard,3,32.77,0.0,98.31,13.26
ORD-10519,2024-10-17,Customer 483,Consumer,North,Electronics,Smartwatch,4,789.25,0.05,2999.15,854.47
ORD-12578,2024-10-17,Customer 85,Consumer,South,Stationery,Notebook,1,29.63,0.15,25.19,-0.34
ORD-11156,2024-10-17,Customer 223,Corporate,West,Furniture,Desk,2,406.49,0.0,812.98,270.44
ORD-11502,2024-10-17,Customer 37,Corporate,Central,Home & Kitchen,Vacuum Cleaner,6,136.48,0.2,655.1,215.72
ORD-10511,2024-10-18,Customer 266,Corporate,East,Stationery,Backpack,2,39.84,0.1,71.71,15.54
ORD-10413,2024-10-18,Customer 147,Consumer,East,Stationery,Notebook,1,34.64,0.0,34.64,6.14
ORD-10977,2024-10-18,Customer 599,Home Office,West,Electronics,Tablet,6,855.6,0.1,4620.24,1008.84
ORD-10309,2024-10-18,Customer 822,Home Office,South,Clothing,Jeans,7,22.08,0.15,131.38,34.25
ORD-11544,2024-10-19,Customer 247,Corporate,East,Stationery,Whiteboard,6,22.24,0.0,133.44,36.17
ORD-12619,2024-10-19,Customer 345,Consumer,South,Home & Kitchen,Blender,3,41.94,0.0,125.82,9.27
ORD-12274,2024-10-19,Customer 379,Consumer,South,Home & Kitchen,Cookware Set,2,199.22,0.0,398.44,27.34
ORD-12980,2024-10-20,Customer 765,Consumer,West,Home & Kitchen,Blender,5,121.83,0.0,609.15,199.27
ORD-12440,2024-10-20,Customer 468,Home Office,East,Clothing,Sneakers,2,89.64,0.0,179.28,16.17
ORD-10133,2024-10-21,Customer 688,Home Office,Central,Stationery,Desk Organizer,7,30.56,0.05,203.22,39.46
ORD-11746,2024-10-21,Customer 484,Home Office,West,Home & Kitchen,Air Fryer,2,131.74,0.15,223.96,60.03
ORD-11451,2024-10-21,Customer 753,Home Office,West,Clothing,Jeans,1,89.63,0.1,80.67,12.89
ORD-10927,2024-10-22,Customer 8,Consumer,West,Stationery,Desk Organizer,1,16.29,0.2,13.03,-0.82
ORD-12519,2024-10-22,Customer 614,Consumer,West,Furniture,Bookshelf,4,268.01,0.0,1072.04,174.52
ORD-12598,2024-10-22,Customer 149,Consumer,West,Clothing,Sneakers,4,32.41,0.2,103.71,25.63
ORD-12961,2024-10-22,Customer 61,Consumer,Central,Clothing,Sneakers,3,79.78,0.0,239.34,80.01
ORD-10483,2024-10-22,Customer 547,Consumer,North,Electronics,Laptop,3,220.34,0.0,661.02,207.9
ORD-12624,2024-10-22,Customer 753,Consumer,Central,Electronics,Smartwatch,2,389.17,0.0,778.34,70.9
ORD-11453,2024-10-22,Customer 44,Corporate,East,Furniture,Office Chair,2,104.11,0.0,208.22,47.37
ORD-11322,2024-10-23,Customer 842,Consumer,East,Furniture,Bookshelf,5,222.03,0.0,1110.15,250.43
ORD-11165,2024-10-23,Customer 29,Home Office,South,Electronics,Smartphone,6,587.13,0.0,3522.78,266.81
ORD-11820,2024-10-23,Customer 441,Corporate,East,Clothing,Cap,5,83.85,0.0,419.25,117.32
ORD-12108,2024-10-23,Customer 491,Consumer,South,Home & Kitchen,Cookware Set,1,89.5,0.15,76.08,16.93
ORD-12759,2024-10-24,Customer 395,Consumer,West,Home & Kitchen,Air Fryer,3,163.95,0.05,467.26,61.5
ORD-12672,2024-10-24,Customer 55,Consumer,North,Clothing,Jeans,5,25.51,0.0,127.55,33.9
ORD-11490,2024-10-24,Customer 728,Consumer,Central,Furniture,Bookshelf,1,268.55,0.15,228.27,49.63
ORD-11557,2024-10-24,Customer 90,Corporate,West,Clothing,Cap,5,84.8,0.0,424.0,130.63
ORD-10573,2024-10-25,Customer 684,Home Office,North,Stationery,Notebook,3,4.72,0.05,13.45,4.7
ORD-12806,2024-10-25,Customer 839,Consumer,Central,Electronics,Headphones,7,205.5,0.0,1438.5,411.55
ORD-12804,2024-10-25,Customer 405,Consumer,North,Electronics,Laptop,1,734.09,0.0,734.09,165.09
ORD-10213,2024-10-26,Customer 639,Consumer,South,Electronics,Smartwatch,4,865.15,0.0,3460.6,945.43
ORD-10011,2024-10-26,Customer 650,Consumer,West,Electronics,Laptop,6,135.64,0.0,813.84,80.07
ORD-10326,2024-10-26,Customer 355,Home Office,North,Electronics,Laptop,7,393.1,0.0,2751.7,543.41
ORD-12441,2024-10-26,Customer 347,Consumer,Central,Clothing,Sneakers,6,38.24,0.2,183.55,41.98
ORD-10092,2024-10-26,Customer 218,Consumer,West,Stationery,Backpack,5,14.93,0.0,74.65,19.03
ORD-12205,2024-10-26,Customer 610,Home Office,East,Stationery,Whiteboard,7,10.38,0.1,65.39,21.52
ORD-12061,2024-10-26,Customer 732,Consumer,South,Clothing,Cap,7,62.54,0.0,437.78,55.35
ORD-12563,2024-10-26,Customer 879,Corporate,Central,Clothing,Cap,7,23.47,0.0,164.29,21.11
ORD-12709,2024-10-27,Customer 821,Corporate,North,Furniture,Office Chair,4,572.51,0.0,2290.04,404.64
ORD-10005,2024-10-27,Customer 428,Consumer,South,Clothing,Jacket,5,20.39,0.0,101.95,25.58
ORD-10491,2024-10-28,Customer 146,Consumer,East,Electronics,Smartphone,3,188.07,0.0,564.21,72.86
ORD-12132,2024-10-28,Customer 22,Corporate,East,Clothing,T-Shirt,6,35.25,0.15,179.78,54.1
ORD-12977,2024-10-28,Customer 586,Consumer,West,Stationery,Backpack,7,22.33,0.15,132.86,33.41
ORD-12238,2024-10-28,Customer 316,Home Office,West,Electronics,Laptop,1,467.58,0.15,397.44,55.39
ORD-12291,2024-10-28,Customer 844,Consumer,East,Electronics,Tablet,2,194.29,0.1,349.72,104.02
ORD-10810,2024-10-28,Customer 371,Home Office,East,Electronics,Smartphone,3,165.32,0.1,446.36,55.11
ORD-10124,2024-10-29,Customer 855,Corporate,East,Clothing,Sneakers,5,47.82,0.0,239.1,24.67
ORD-11059,2024-10-30,Customer 108,Home Office,West,Furniture,Bookshelf,3,687.4,0.0,2062.2,231.77
ORD-12859,2024-10-30,Customer 167,Corporate,North,Electronics,Tablet,1,175.28,0.0,175.28,52.22
ORD-10655,2024-10-30,Customer 536,Home Office,West,Clothing,Sneakers,5,84.26,0.0,421.3,67.04
ORD-10244,2024-10-30,Customer 468,Consumer,West,Furniture,Bookshelf,6,604.33,0.1,3263.38,600.19
ORD-10258,2024-10-30,Customer 480,Consumer,Central,Furniture,Sofa,6,401.88,0.0,2411.28,564.08
ORD-12048,2024-10-30,Customer 735,Home Office,Central,Home & Kitchen,Cookware Set,7,171.55,0.05,1140.81,278.16
ORD-11914,2024-10-31,Customer 706,Consumer,North,Stationery,Pen Set,2,21.54,0.0,43.08,4.34
ORD-12770,2024-10-31,Customer 4,Consumer,North,Electronics,Laptop,7,272.67,0.0,1908.69,368.22
ORD-10027,2024-10-31,Customer 112,Corporate,West,Home & Kitchen,Blender,4,39.25,0.15,133.45,17.59
ORD-11123,2024-10-31,Customer 446,Home Office,North,Stationery,Notebook,1,21.04,0.1,18.94,1.15
ORD-11355,2024-10-31,Customer 205,Consumer,Central,Furniture,Desk,1,402.43,0.05,382.31,94.5
ORD-11699,2024-10-31,Customer 810,Corporate,South,Clothing,Jeans,4,89.27,0.05,339.23,32.61
ORD-11394,2024-10-31,Customer 754,Home Office,West,Clothing,Jeans,7,64.38,0.05,428.13,40.5
ORD-10464,2024-11-01,Customer 628,Consumer,Central,Stationery,Pen Set,5,15.91,0.0,79.55,11.73
ORD-12603,2024-11-01,Customer 178,Consumer,South,Clothing,Cap,2,17.79,0.0,35.58,6.46
ORD-11831,2024-11-01,Customer 317,Corporate,Central,Clothing,T-Shirt,2,71.84,0.1,129.31,43.76
ORD-12520,2024-11-01,Customer 140,Corporate,North,Electronics,Headphones,3,192.72,0.0,578.16,36.47
ORD-10816,2024-11-02,Customer 725,Consumer,North,Stationery,Pen Set,6,29.48,0.0,176.88,19.05
ORD-10690,2024-11-02,Customer 717,Corporate,West,Electronics,Smartwatch,1,388.82,0.1,349.94,56.92
ORD-10783,2024-11-02,Customer 714,Corporate,South,Electronics,Headphones,4,697.55,0.0,2790.2,605.64
ORD-10974,2024-11-02,Customer 145,Corporate,North,Furniture,Office Chair,4,520.29,0.1,1873.04,380.39
ORD-11090,2024-11-02,Customer 732,Consumer,South,Stationery,Desk Organizer,1,18.05,0.0,18.05,2.17
ORD-12937,2024-11-03,Customer 676,Consumer,South,Home & Kitchen,Lamp,6,128.88,0.05,734.62,181.45
ORD-10618,2024-11-03,Customer 203,Consumer,South,Home & Kitchen,Cookware Set,6,196.35,0.0,1178.1,256.32
ORD-10477,2024-11-04,Customer 558,Corporate,West,Clothing,Jacket,7,83.97,0.0,587.79,99.94
ORD-11249,2024-11-04,Customer 508,Consumer,South,Electronics,Smartphone,1,62.33,0.05,59.21,12.95
ORD-10454,2024-11-04,Customer 395,Consumer,North,Electronics,Laptop,6,622.88,0.05,3550.42,1101.62
ORD-10911,2024-11-04,Customer 588,Consumer,West,Home & Kitchen,Lamp,6,23.95,0.0,143.7,23.11
ORD-10966,2024-11-05,Customer 862,Corporate,South,Clothing,T-Shirt,6,15.92,0.0,95.52,15.06
ORD-10144,2024-11-05,Customer 418,Corporate,South,Home & Kitchen,Cookware Set,6,153.8,0.0,922.8,106.82
ORD-11252,2024-11-05,Customer 324,Home Office,West,Furniture,Desk,4,189.82,0.0,759.28,106.19
ORD-11207,2024-11-05,Customer 832,Corporate,East,Electronics,Tablet,1,199.58,0.0,199.58,59.12
ORD-10562,2024-11-06,Customer 183,Consumer,Central,Electronics,Tablet,1,673.05,0.0,673.05,231.13
ORD-11862,2024-11-06,Customer 582,Corporate,West,Electronics,Laptop,4,214.85,0.05,816.43,163.56
ORD-11903,2024-11-08,Customer 51,Home Office,West,Clothing,Jeans,2,29.9,0.2,47.84,-1.74
ORD-11913,2024-11-08,Customer 348,Consumer,Central,Home & Kitchen,Lamp,1,94.65,0.0,94.65,16.39
ORD-12469,2024-11-08,Customer 594,Corporate,East,Furniture,Office Chair,1,676.78,0.0,676.78,143.96
ORD-10932,2024-11-08,Customer 265,Consumer,West,Clothing,Sneakers,3,74.71,0.05,212.92,57.03
ORD-12935,2024-11-09,Customer 544,Home Office,West,Electronics,Laptop,4,350.08,0.0,1400.32,428.5
ORD-11162,2024-11-09,Customer 98,Consumer,East,Electronics,Tablet,5,124.57,0.2,498.28,51.63
ORD-10616,2024-11-09,Customer 472,Home Office,North,Electronics,Smartphone,6,99.0,0.0,594.0,65.01
ORD-10334,2024-11-09,Customer 3,Consumer,West,Electronics,Headphones,7,810.04,0.0,5670.28,1227.69
ORD-10852,2024-11-09,Customer 321,Consumer,South,Clothing,Sneakers,3,82.73,0.0,248.19,55.33
ORD-11863,2024-11-10,Customer 589,Consumer,South,Home & Kitchen,Vacuum Cleaner,4,157.73,0.15,536.28,63.67
ORD-11415,2024-11-11,Customer 534,Corporate,East,Clothing,T-Shirt,6,45.37,0.1,245.0,85.26
ORD-10107,2024-11-11,Customer 355,Corporate,Central,Furniture,Sofa,5,630.29,0.0,3151.45,733.1
ORD-12405,2024-11-12,Customer 283,Corporate,North,Electronics,Laptop,5,795.23,0.0,3976.15,203.04
ORD-12332,2024-11-12,Customer 549,Consumer,South,Clothing,Jeans,6,22.84,0.05,130.19,6.51
ORD-10039,2024-11-12,Customer 342,Consumer,South,Furniture,Bookshelf,4,283.05,0.05,1075.59,149.57
ORD-11758,2024-11-13,Customer 575,Home Office,Central,Stationery,Pen Set,7,36.51,0.0,255.57,83.74
ORD-10489,2024-11-13,Customer 73,Home Office,Central,Stationery,Pen Set,6,18.65,0.0,111.9,13.58
ORD-10026,2024-11-13,Customer 456,Corporate,South,Electronics,Headphones,3,162.34,0.05,462.67,103.79
ORD-12708,2024-11-13,Customer 776,Corporate,West,Clothing,Jeans,1,80.96,0.0,80.96,15.36
ORD-10500,2024-11-14,Customer 279,Consumer,East,Furniture,Bookshelf,1,532.15,0.0,532.15,174.0
ORD-12498,2024-11-14,Customer 608,Corporate,South,Stationery,Notebook,7,29.2,0.0,204.4,11.08
ORD-10741,2024-11-14,Customer 35,Consumer,East,Stationery,Backpack,3,4.02,0.0,12.06,2.67
ORD-10419,2024-11-14,Customer 593,Home Office,North,Stationery,Whiteboard,2,15.66,0.0,31.32,3.01
ORD-12685,2024-11-14,Customer 684,Consumer,East,Home & Kitchen,Cookware Set,7,114.41,0.0,800.87,87.13
ORD-10370,2024-11-14,Customer 128,Corporate,West,Clothing,Jacket,3,35.13,0.0,105.39,32.45
ORD-11572,2024-11-15,Customer 222,Home Office,West,Home & Kitchen,Air Fryer,2,41.97,0.15,71.35,12.07
ORD-12220,2024-11-15,Customer 251,Consumer,East,Stationery,Pen Set,2,32.25,0.1,58.05,17.67
ORD-10292,2024-11-15,Customer 673,Home Office,North,Home & Kitchen,Blender,3,23.3,0.0,69.9,15.91
ORD-10827,2024-11-15,Customer 796,Consumer,Central,Clothing,Jacket,3,73.9,0.0,221.7,27.27
ORD-10853,2024-11-15,Customer 511,Consumer,East,Clothing,Jacket,6,57.81,0.1,312.17,49.47
ORD-11868,2024-11-16,Customer 61,Consumer,North,Electronics,Smartphone,1,690.73,0.05,656.19,154.97
ORD-12993,2024-11-16,Customer 738,Corporate,North,Clothing,Jacket,2,48.98,0.15,83.27,19.33
ORD-10958,2024-11-17,Customer 624,Corporate,North,Stationery,Notebook,3,6.33,0.0,18.99,2.87
ORD-11261,2024-11-17,Customer 440,Consumer,North,Home & Kitchen,Air Fryer,4,19.92,0.0,79.68,27.87
ORD-10503,2024-11-17,Customer 823,Corporate,Central,Electronics,Laptop,5,671.41,0.0,3357.05,491.76
ORD-10844,2024-11-17,Customer 112,Consumer,South,Electronics,Smartwatch,1,189.71,0.15,161.25,3.73
ORD-10539,2024-11-18,Customer 246,Corporate,West,Home & Kitchen,Air Fryer,5,18.59,0.0,92.95,21.25
ORD-10865,2024-11-18,Customer 647,Consumer,South,Electronics,Headphones,7,740.58,0.15,4406.45,779.81
ORD-11440,2024-11-18,Customer 308,Consumer,North,Electronics,Laptop,4,485.73,0.0,1942.92,229.11
ORD-11838,2024-11-18,Customer 734,Corporate,Central,Stationery,Notebook,7,27.79,0.05,184.8,23.33
ORD-12399,2024-11-18,Customer 224,Home Office,South,Clothing,Cap,4,46.54,0.0,186.16,36.28
ORD-11050,2024-11-18,Customer 526,Corporate,North,Furniture,Bed Frame,4,177.23,0.0,708.92,149.1
ORD-12779,2024-11-19,Customer 819,Consumer,East,Clothing,T-Shirt,3,25.07,0.0,75.21,12.65
ORD-10058,2024-11-19,Customer 121,Consumer,East,Clothing,Cap,7,19.54,0.0,136.78,19.34
ORD-11732,2024-11-19,Customer 766,Corporate,North,Clothing,Jeans,5,69.51,0.05,330.17,110.32
ORD-11153,2024-11-19,Customer 183,Consumer,Central,Electronics,Smartwatch,3,537.63,0.0,1612.89,458.75
ORD-12160,2024-11-20,Customer 80,Consumer,East,Home & Kitchen,Vacuum Cleaner,4,148.36,0.1,534.1,59.06
ORD-10529,2024-11-20,Customer 496,Consumer,West,Stationery,Whiteboard,7,33.5,0.0,234.5,15.87
ORD-10078,2024-11-20,Customer 642,Consumer,South,Electronics,Tablet,6,627.26,0.1,3387.2,1048.8
ORD-10345,2024-11-20,Customer 259,Consumer,South,Clothing,T-Shirt,6,83.87,0.05,478.06,31.66
ORD-12457,2024-11-20,Customer 311,Consumer,East,Electronics,Laptop,6,893.8,0.0,5362.8,513.96
ORD-11163,2024-11-21,Customer 513,Corporate,West,Electronics,Smartwatch,4,585.45,0.0,2341.8,625.07
ORD-10431,2024-11-21,Customer 469,Corporate,West,Electronics,Tablet,4,702.92,0.1,2530.51,209.77
ORD-10043,2024-11-21,Customer 554,Corporate,Central,Furniture,Sofa,4,138.93,0.0,555.72,121.97
ORD-12571,2024-11-21,Customer 711,Corporate,South,Furniture,Sofa,4,561.89,0.05,2135.18,255.13
ORD-11487,2024-11-22,Customer 644,Consumer,East,Home & Kitchen,Lamp,1,171.36,0.0,171.36,58.98
ORD-10054,2024-11-22,Customer 766,Corporate,North,Clothing,T-Shirt,1,60.4,0.0,60.4,16.33
ORD-12163,2024-11-22,Customer 570,Home Office,West,Furniture,Desk,6,443.42,0.0,2660.52,874.16
ORD-12183,2024-11-22,Customer 675,Corporate,North,Clothing,Jeans,7,52.57,0.0,367.99,119.97
ORD-11318,2024-11-22,Customer 429,Consumer,East,Electronics,Smartphone,1,803.9,0.05,763.7,149.25
ORD-11282,2024-11-23,Customer 581,Consumer,Central,Stationery,Backpack,6,32.44,0.0,194.64,46.82
ORD-11966,2024-11-23,Customer 409,Consumer,South,Electronics,Headphones,2,420.51,0.0,841.02,210.79
ORD-12323,2024-11-23,Customer 110,Consumer,West,Electronics,Headphones,6,788.39,0.05,4493.82,786.87
ORD-10549,2024-11-23,Customer 698,Home Office,West,Furniture,Bookshelf,3,253.72,0.0,761.16,103.91
ORD-10684,2024-11-23,Customer 712,Corporate,South,Clothing,Cap,5,44.14,0.0,220.7,11.66
ORD-10973,2024-11-23,Customer 610,Consumer,West,Stationery,Desk Organizer,6,33.99,0.0,203.94,25.88
ORD-10421,2024-11-23,Customer 537,Consumer,East,Furniture,Desk,5,84.39,0.0,421.95,44.88
ORD-11306,2024-11-24,Customer 449,Consumer,East,Home & Kitchen,Lamp,5,94.22,0.1,423.99,124.77
ORD-11754,2024-11-24,Customer 386,Consumer,North,Electronics,Smartphone,3,163.54,0.1,441.56,67.38
ORD-11860,2024-11-24,Customer 196,Corporate,North,Furniture,Office Chair,2,563.94,0.05,1071.49,261.19
ORD-11505,2024-11-25,Customer 339,Consumer,East,Stationery,Notebook,1,27.73,0.0,27.73,8.33
ORD-11965,2024-11-25,Customer 333,Consumer,East,Clothing,Sneakers,4,57.63,0.0,230.52,77.1
ORD-11800,2024-11-25,Customer 167,Corporate,West,Electronics,Smartphone,5,830.26,0.05,3943.74,251.12
ORD-11236,2024-11-25,Customer 294,Corporate,Central,Home & Kitchen,Lamp,6,67.64,0.15,344.96,101.31
ORD-10118,2024-11-26,Customer 434,Consumer,East,Electronics,Laptop,1,859.89,0.2,687.91,63.15
ORD-10813,2024-11-26,Customer 736,Consumer,West,Home & Kitchen,Cookware Set,5,19.38,0.0,96.9,14.7
ORD-12161,2024-11-26,Customer 181,Consumer,South,Furniture,Sofa,4,299.1,0.0,1196.4,324.88
ORD-11887,2024-11-26,Customer 649,Consumer,North,Clothing,Jacket,3,80.43,0.0,241.29,69.22
ORD-10867,2024-11-26,Customer 188,Home Office,Central,Home & Kitchen,Lamp,7,162.06,0.0,1134.42,314.26
ORD-12451,2024-11-26,Customer 16,Home Office,West,Stationery,Pen Set,3,11.93,0.1,32.21,4.79
ORD-12691,2024-11-26,Customer 874,Consumer,North,Electronics,Headphones,4,395.9,0.1,1425.24,104.69
ORD-10138,2024-11-26,Customer 617,Corporate,North,Clothing,T-Shirt,3,50.06,0.05,142.67,49.59
ORD-12960,2024-11-26,Customer 157,Consumer,East,Electronics,Smartphone,7,185.73,0.05,1235.1,430.86
ORD-11602,2024-11-26,Customer 158,Corporate,West,Furniture,Sofa,5,115.85,0.1,521.33,85.74
ORD-12445,2024-11-27,Customer 682,Home Office,South,Stationery,Notebook,2,36.5,0.0,73.0,11.55
ORD-11124,2024-11-27,Customer 671,Corporate,South,Stationery,Backpack,4,39.45,0.0,157.8,43.59
ORD-12657,2024-11-27,Customer 171,Corporate,North,Home & Kitchen,Vacuum Cleaner,6,111.27,0.0,667.62,172.12
ORD-10147,2024-11-28,Customer 496,Corporate,West,Furniture,Office Chair,6,431.18,0.1,2328.37,612.73
ORD-10945,2024-11-28,Customer 354,Consumer,Central,Electronics,Laptop,7,779.56,0.0,5456.92,708.23
ORD-12702,2024-11-28,Customer 620,Consumer,North,Electronics,Tablet,6,159.8,0.05,910.86,242.66
ORD-10953,2024-11-28,Customer 159,Corporate,East,Electronics,Smartwatch,6,480.48,0.0,2882.88,693.19
ORD-11798,2024-11-28,Customer 164,Corporate,West,Electronics,Tablet,2,648.58,0.1,1167.44,220.11
ORD-12207,2024-11-28,Customer 85,Home Office,East,Clothing,Jeans,7,53.25,0.15,316.84,64.58
ORD-12104,2024-11-28,Customer 142,Consumer,West,Clothing,T-Shirt,5,34.34,0.1,154.53,34.13
ORD-12176,2024-12-01,Customer 199,Home Office,Central,Furniture,Desk,5,385.25,0.0,1926.25,202.31
ORD-10795,2024-12-01,Customer 763,Home Office,South,Home & Kitchen,Blender,3,44.69,0.0,134.07,24.48
ORD-10552,2024-12-01,Customer 464,Consumer,North,Home & Kitchen,Cookware Set,6,123.96,0.15,632.2,49.75
ORD-12690,2024-12-01,Customer 179,Consumer,North,Clothing,Jacket,3,37.04,0.1,100.01,26.88
ORD-12531,2024-12-01,Customer 602,Consumer,North,Stationery,Pen Set,3,22.66,0.15,57.78,9.05
ORD-12532,2024-12-01,Customer 63,Corporate,East,Home & Kitchen,Vacuum Cleaner,5,159.23,0.0,796.15,269.05
ORD-11457,2024-12-01,Customer 766,Corporate,West,Clothing,Sneakers,2,81.49,0.15,138.53,13.1
ORD-11182,2024-12-01,Customer 751,Corporate,South,Furniture,Office Chair,3,243.66,0.0,730.98,198.98
ORD-11049,2024-12-02,Customer 849,Corporate,East,Home & Kitchen,Cookware Set,6,131.16,0.1,708.26,120.45
ORD-11068,2024-12-02,Customer 891,Corporate,West,Home & Kitchen,Lamp,7,186.19,0.0,1303.33,114.38
ORD-12246,2024-12-03,Customer 217,Consumer,East,Furniture,Sofa,7,92.54,0.0,647.78,55.63
ORD-12633,2024-12-03,Customer 791,Corporate,North,Furniture,Sofa,4,551.1,0.2,1763.52,363.24
ORD-11690,2024-12-03,Customer 602,Corporate,Central,Electronics,Smartphone,3,641.88,0.0,1925.64,654.81
ORD-11722,2024-12-03,Customer 244,Consumer,East,Clothing,Sneakers,7,41.6,0.0,291.2,52.0
ORD-11106,2024-12-03,Customer 325,Home Office,East,Furniture,Desk,7,427.62,0.0,2993.34,249.29
ORD-12022,2024-12-03,Customer 81,Corporate,North,Clothing,T-Shirt,6,25.81,0.0,154.86,9.47
ORD-10874,2024-12-04,Customer 641,Consumer,South,Home & Kitchen,Air Fryer,3,93.07,0.05,265.25,20.81
ORD-11120,2024-12-04,Customer 470,Consumer,South,Electronics,Smartphone,5,354.1,0.2,1416.4,265.54
ORD-11401,2024-12-04,Customer 20,Consumer,Central,Furniture,Bookshelf,3,544.78,0.0,1634.34,107.83
ORD-11785,2024-12-05,Customer 834,Corporate,West,Furniture,Sofa,5,359.55,0.2,1438.2,400.91
ORD-12885,2024-12-05,Customer 17,Consumer,West,Furniture,Desk,3,619.39,0.0,1858.17,357.56
ORD-11988,2024-12-05,Customer 156,Consumer,East,Electronics,Smartphone,7,744.3,0.05,4949.59,931.01
ORD-12199,2024-12-05,Customer 798,Home Office,West,Furniture,Office Chair,5,650.59,0.0,3252.95,1115.68
ORD-10148,2024-12-05,Customer 682,Consumer,West,Clothing,T-Shirt,2,43.49,0.1,78.28,17.09
ORD-10878,2024-12-05,Customer 6,Corporate,East,Home & Kitchen,Blender,1,81.3,0.0,81.3,27.8
ORD-12826,2024-12-06,Customer 75,Consumer,North,Clothing,Cap,2,37.83,0.0,75.66,12.38
ORD-11434,2024-12-06,Customer 277,Corporate,Central,Electronics,Smartwatch,2,557.73,0.0,1115.46,73.21
ORD-10018,2024-12-07,Customer 426,Home Office,East,Clothing,Sneakers,4,55.74,0.0,222.96,33.33
ORD-10266,2024-12-07,Customer 741,Corporate,North,Furniture,Desk,4,336.31,0.0,1345.24,458.63
ORD-10917,2024-12-08,Customer 809,Corporate,Central,Stationery,Notebook,1,7.0,0.05,6.65,1.0
ORD-12100,2024-12-08,Customer 716,Home Office,East,Stationery,Desk Organizer,5,24.59,0.0,122.95,21.91
ORD-11266,2024-12-08,Customer 504,Consumer,South,Home & Kitchen,Vacuum Cleaner,2,106.06,0.05,201.51,38.59
ORD-12607,2024-12-08,Customer 362,Corporate,North,Electronics,Tablet,3,629.46,0.0,1888.38,500.02
ORD-10362,2024-12-08,Customer 822,Consumer,South,Electronics,Tablet,5,268.28,0.1,1207.26,411.6
ORD-10155,2024-12-08,Customer 444,Home Office,West,Electronics,Tablet,4,478.86,0.2,1532.35,246.64
ORD-10763,2024-12-09,Customer 68,Consumer,East,Home & Kitchen,Vacuum Cleaner,1,80.14,0.0,80.14,20.08
ORD-10577,2024-12-09,Customer 310,Corporate,West,Stationery,Whiteboard,6,10.17,0.0,61.02,12.33
ORD-11086,2024-12-09,Customer 21,Consumer,East,Stationery,Backpack,3,31.64,0.0,94.92,29.8
ORD-11864,2024-12-10,Customer 256,Corporate,Central,Home & Kitchen,Vacuum Cleaner,1,150.55,0.0,150.55,43.7
ORD-12438,2024-12-10,Customer 738,Home Office,East,Furniture,Desk,1,216.37,0.0,216.37,71.13
ORD-12665,2024-12-10,Customer 892,Home Office,South,Furniture,Sofa,3,434.44,0.0,1303.32,227.03
ORD-10759,2024-12-11,Customer 503,Corporate,East,Stationery,Whiteboard,3,21.44,0.0,64.32,6.06
ORD-12159,2024-12-11,Customer 799,Home Office,Central,Home & Kitchen,Blender,1,108.13,0.0,108.13,11.34
ORD-11473,2024-12-11,Customer 830,Consumer,West,Clothing,Jeans,4,74.32,0.0,297.28,25.68
ORD-11876,2024-12-11,Customer 185,Consumer,East,Electronics,Smartwatch,4,580.27,0.15,1972.92,433.02
ORD-10151,2024-12-12,Customer 90,Corporate,East,Electronics,Headphones,7,239.84,0.0,1678.88,296.86
ORD-12559,2024-12-12,Customer 50,Corporate,East,Electronics,Headphones,3,258.12,0.1,696.92,215.72
ORD-11388,2024-12-12,Customer 662,Corporate,South,Electronics,Smartwatch,1,493.92,0.0,493.92,87.72
ORD-12938,2024-12-12,Customer 277,Consumer,Central,Electronics,Tablet,4,717.71,0.0,2870.84,809.19
ORD-11629,2024-12-13,Customer 684,Consumer,North,Furniture,Office Chair,3,286.12,0.0,858.36,93.52
ORD-12881,2024-12-13,Customer 397,Corporate,West,Clothing,Cap,5,81.79,0.05,388.5,122.28
ORD-10622,2024-12-13,Customer 47,Corporate,West,Electronics,Headphones,3,410.03,0.15,1045.58,177.02
ORD-11845,2024-12-14,Customer 492,Consumer,West,Clothing,Sneakers,4,39.34,0.0,157.36,43.76
ORD-11125,2024-12-14,Customer 132,Consumer,South,Clothing,Sneakers,2,48.93,0.0,97.86,12.09
ORD-11496,2024-12-14,Customer 155,Corporate,Central,Clothing,T-Shirt,5,84.08,0.0,420.4,136.71
ORD-10567,2024-12-14,Customer 584,Consumer,South,Clothing,T-Shirt,5,31.7,0.0,158.5,24.11
ORD-12324,2024-12-14,Customer 309,Consumer,North,Home & Kitchen,Vacuum Cleaner,6,28.19,0.0,169.14,15.33
ORD-12760,2024-12-14,Customer 265,Corporate,South,Home & Kitchen,Air Fryer,5,65.52,0.05,311.22,42.11
ORD-11351,2024-12-14,Customer 797,Corporate,West,Furniture,Bed Frame,6,578.97,0.0,3473.82,559.03
ORD-12045,2024-12-15,Customer 100,Consumer,North,Clothing,Sneakers,7,53.66,0.0,375.62,78.53
ORD-10243,2024-12-15,Customer 607,Consumer,West,Stationery,Desk Organizer,5,6.27,0.0,31.35,2.24
ORD-11566,2024-12-15,Customer 572,Consumer,Central,Clothing,Jeans,4,21.74,0.0,86.96,28.57
ORD-12858,2024-12-15,Customer 12,Corporate,West,Electronics,Smartwatch,3,667.46,0.15,1702.02,147.6
ORD-10068,2024-12-16,Customer 263,Consumer,North,Stationery,Backpack,2,11.62,0.0,23.24,5.25
ORD-12877,2024-12-16,Customer 616,Consumer,North,Electronics,Tablet,6,424.39,0.0,2546.34,554.59
ORD-10210,2024-12-16,Customer 746,Corporate,West,Furniture,Bed Frame,7,488.26,0.0,3417.82,396.63
ORD-11610,2024-12-16,Customer 257,Home Office,North,Electronics,Tablet,1,188.7,0.0,188.7,19.86
ORD-11390,2024-12-17,Customer 276,Consumer,North,Home & Kitchen,Lamp,1,178.28,0.0,178.28,58.3
ORD-10821,2024-12-17,Customer 545,Consumer,East,Clothing,Cap,5,52.53,0.0,262.65,25.32
ORD-12343,2024-12-17,Customer 237,Corporate,North,Home & Kitchen,Lamp,3,189.47,0.1,511.57,131.33
ORD-12239,2024-12-17,Customer 659,Home Office,South,Furniture,Bed Frame,7,201.28,0.0,1408.96,157.35
ORD-12784,2024-12-17,Customer 474,Consumer,South,Electronics,Tablet,6,290.65,0.0,1743.9,569.5
ORD-11576,2024-12-18,Customer 290,Home Office,South,Stationery,Notebook,1,34.41,0.0,34.41,10.94
ORD-10300,2024-12-18,Customer 711,Corporate,East,Clothing,Jeans,2,61.32,0.0,122.64,25.91
ORD-10356,2024-12-18,Customer 634,Home Office,Central,Electronics,Smartphone,5,536.96,0.0,2684.8,563.85
ORD-11170,2024-12-19,Customer 501,Corporate,North,Electronics,Smartwatch,7,608.71,0.0,4260.97,1249.44
ORD-11494,2024-12-19,Customer 448,Corporate,West,Electronics,Smartphone,3,786.15,0.0,2358.45,421.04
ORD-12408,2024-12-20,Customer 811,Consumer,West,Electronics,Tablet,4,321.64,0.0,1286.56,344.83
ORD-12549,2024-12-21,Customer 638,Corporate,West,Stationery,Whiteboard,2,7.59,0.0,15.18,2.97
ORD-11944,2024-12-21,Customer 307,Consumer,Central,Electronics,Tablet,7,589.43,0.05,3919.71,1107.81
ORD-12927,2024-12-21,Customer 208,Home Office,North,Electronics,Headphones,6,836.87,0.05,4770.16,1434.53
ORD-10498,2024-12-21,Customer 253,Consumer,North,Clothing,Cap,5,73.13,0.05,347.37,112.21
ORD-10632,2024-12-21,Customer 671,Corporate,South,Clothing,Cap,3,39.31,0.0,117.93,17.64
ORD-12651,2024-12-21,Customer 249,Home Office,East,Electronics,Tablet,1,188.63,0.0,188.63,35.41
ORD-12179,2024-12-21,Customer 789,Corporate,West,Electronics,Tablet,4,783.45,0.0,3133.8,559.83
ORD-10274,2024-12-22,Customer 332,Consumer,South,Clothing,T-Shirt,4,14.85,0.0,59.4,9.85
ORD-11657,2024-12-23,Customer 293,Home Office,North,Home & Kitchen,Blender,1,69.94,0.0,69.94,6.75
ORD-11391,2024-12-23,Customer 116,Consumer,West,Home & Kitchen,Blender,6,95.31,0.2,457.49,26.48
ORD-12177,2024-12-23,Customer 617,Consumer,Central,Electronics,Tablet,6,177.5,0.0,1065.0,353.37
ORD-11822,2024-12-23,Customer 374,Consumer,Central,Furniture,Bed Frame,7,604.51,0.15,3596.83,240.84
ORD-12081,2024-12-23,Customer 173,Home Office,North,Electronics,Laptop,3,486.73,0.1,1314.17,251.23
ORD-11854,2024-12-23,Customer 718,Consumer,Central,Home & Kitchen,Lamp,6,125.92,0.0,755.52,117.96
ORD-12249,2024-12-23,Customer 281,Consumer,Central,Stationery,Whiteboard,2,5.96,0.0,11.92,2.75
ORD-10513,2024-12-23,Customer 73,Consumer,North,Electronics,Tablet,2,474.33,0.05,901.23,194.4
ORD-12381,2024-12-23,Customer 730,Home Office,South,Furniture,Office Chair,1,695.25,0.0,695.25,186.74
ORD-10889,2024-12-23,Customer 566,Consumer,North,Clothing,Cap,3,35.63,0.15,90.86,9.3
ORD-12403,2024-12-23,Customer 656,Consumer,West,Stationery,Notebook,7,31.9,0.2,178.64,29.16
ORD-10615,2024-12-24,Customer 571,Home Office,Central,Home & Kitchen,Air Fryer,3,131.46,0.0,394.38,71.17
ORD-12026,2024-12-24,Customer 322,Consumer,East,Furniture,Office Chair,1,547.97,0.0,547.97,111.05
ORD-10612,2024-12-24,Customer 554,Consumer,South,Electronics,Smartphone,4,356.68,0.0,1426.72,355.08
ORD-12025,2024-12-24,Customer 684,Consumer,North,Clothing,Jacket,2,59.78,0.2,95.65,23.96
ORD-11444,2024-12-24,Customer 550,Corporate,West,Home & Kitchen,Air Fryer,5,139.6,0.0,698.0,76.32
ORD-11044,2024-12-24,Customer 238,Corporate,West,Home & Kitchen,Vacuum Cleaner,6,153.53,0.0,921.18,56.57
ORD-11399,2024-12-24,Customer 679,Consumer,East,Clothing,Sneakers,3,29.08,0.1,78.52,11.49
ORD-10091,2024-12-24,Customer 457,Home Office,North,Electronics,Smartphone,1,61.04,0.0,61.04,9.15
ORD-12415,2024-12-25,Customer 662,Consumer,East,Clothing,Jacket,3,11.94,0.0,35.82,4.14
ORD-10227,2024-12-25,Customer 524,Consumer,South,Furniture,Bed Frame,5,242.98,0.2,971.92,332.34
ORD-10509,2024-12-25,Customer 64,Consumer,East,Clothing,Jeans,1,82.62,0.0,82.62,9.27
ORD-11528,2024-12-25,Customer 410,Corporate,East,Home & Kitchen,Blender,1,185.03,0.0,185.03,22.1
ORD-10712,2024-12-25,Customer 626,Consumer,South,Electronics,Laptop,4,404.44,0.1,1455.98,387.69
ORD-10263,2024-12-26,Customer 693,Corporate,West,Electronics,Headphones,5,88.71,0.1,399.19,92.1
ORD-12259,2024-12-26,Customer 420,Consumer,East,Furniture,Desk,1,266.76,0.1,240.08,46.93
ORD-10354,2024-12-26,Customer 549,Home Office,North,Electronics,Tablet,5,578.83,0.2,2315.32,172.2
ORD-10545,2024-12-27,Customer 594,Home Office,North,Stationery,Backpack,7,27.18,0.0,190.26,28.59
ORD-12372,2024-12-27,Customer 851,Consumer,West,Clothing,Cap,7,41.11,0.0,287.77,81.76
ORD-12796,2024-12-28,Customer 216,Consumer,Central,Electronics,Tablet,4,505.64,0.15,1719.18,428.54
ORD-12975,2024-12-28,Customer 169,Corporate,East,Clothing,Jacket,3,75.51,0.05,215.2,53.82
ORD-12610,2024-12-28,Customer 386,Home Office,East,Clothing,Sneakers,4,72.41,0.0,289.64,30.63
ORD-11010,2024-12-28,Customer 619,Corporate,South,Electronics,Smartphone,1,760.02,0.0,760.02,212.85
ORD-11495,2024-12-29,Customer 650,Corporate,West,Home & Kitchen,Cookware Set,1,146.24,0.0,146.24,17.08
ORD-12190,2024-12-29,Customer 449,Consumer,North,Home & Kitchen,Lamp,7,106.06,0.2,593.94,57.6
ORD-13000,2024-12-29,Customer 883,Corporate,South,Home & Kitchen,Blender,1,167.99,0.0,167.99,54.36
ORD-10328,2024-12-29,Customer 307,Home Office,East,Clothing,Jeans,1,69.65,0.1,62.69,19.19
ORD-10366,2024-12-29,Customer 279,Corporate,North,Clothing,T-Shirt,1,75.75,0.0,75.75,16.58
ORD-12102,2024-12-30,Customer 669,Consumer,South,Furniture,Sofa,4,456.35,0.1,1642.86,96.92
ORD-11852,2024-12-30,Customer 680,Consumer,East,Clothing,Sneakers,1,29.98,0.0,29.98,6.54
ORD-12828,2024-12-30,Customer 139,Corporate,Central,Furniture,Office Chair,7,305.53,0.0,2138.71,594.63
ORD-11889,2024-12-30,Customer 815,Corporate,South,Stationery,Desk Organizer,3,12.84,0.0,38.52,7.89
ORD-11933,2024-12-31,Customer 386,Corporate,North,Stationery,Notebook,2,23.92,0.2,38.27,5.37
ORD-12151,2024-12-31,Customer 555,Home Office,East,Clothing,Jeans,4,10.86,0.0,43.44,4.69
ORD-10250,2025-01-01,Customer 492,Consumer,Central,Stationery,Whiteboard,7,19.46,0.0,136.22,20.55
ORD-12800,2025-01-01,Customer 813,Home Office,West,Home & Kitchen,Air Fryer,2,117.03,0.1,210.65,31.89
ORD-12090,2025-01-01,Customer 192,Corporate,East,Electronics,Laptop,1,753.42,0.1,678.08,107.43
ORD-12783,2025-01-02,Customer 767,Corporate,Central,Furniture,Desk,3,147.91,0.0,443.73,74.66
ORD-11422,2025-01-02,Customer 189,Home Office,East,Home & Kitchen,Cookware Set,4,70.72,0.2,226.3,28.05
ORD-11467,2025-01-02,Customer 771,Home Office,Central,Home & Kitchen,Blender,4,62.52,0.0,250.08,23.32
ORD-12250,2025-01-02,Customer 89,Home Office,Central,Furniture,Desk,1,595.83,0.0,595.83,68.26
ORD-10522,2025-01-02,Customer 735,Home Office,South,Stationery,Desk Organizer,4,13.48,0.05,51.22,10.43
ORD-11081,2025-01-03,Customer 511,Corporate,Central,Electronics,Headphones,5,135.77,0.0,678.85,50.56
ORD-11963,2025-01-03,Customer 418,Corporate,North,Furniture,Bookshelf,7,473.08,0.0,3311.56,1060.38
ORD-10913,2025-01-03,Customer 515,Corporate,West,Electronics,Smartwatch,2,464.97,0.0,929.94,299.31
ORD-12541,2025-01-03,Customer 498,Consumer,West,Clothing,T-Shirt,2,81.96,0.0,163.92,12.54
ORD-12545,2025-01-03,Customer 353,Consumer,East,Furniture,Sofa,5,686.85,0.05,3262.54,718.18
ORD-10339,2025-01-04,Customer 719,Home Office,West,Stationery,Backpack,3,8.99,0.15,22.92,-3.52
ORD-12125,2025-01-04,Customer 41,Consumer,North,Electronics,Tablet,1,708.78,0.15,602.46,28.84
ORD-10008,2025-01-04,Customer 509,Corporate,North,Electronics,Laptop,6,455.72,0.05,2597.6,624.5
ORD-12508,2025-01-04,Customer 518,Consumer,Central,Stationery,Desk Organizer,7,24.14,0.0,168.98,37.93
ORD-12093,2025-01-05,Customer 889,Corporate,Central,Furniture,Bed Frame,6,613.35,0.0,3680.1,740.02
ORD-10729,2025-01-05,Customer 68,Corporate,North,Clothing,Jeans,1,53.68,0.05,51.0,7.28
ORD-11222,2025-01-06,Customer 333,Consumer,South,Furniture,Bed Frame,5,294.95,0.0,1474.75,231.22
ORD-12628,2025-01-06,Customer 780,Corporate,North,Electronics,Tablet,7,771.88,0.0,5403.16,889.04
ORD-10065,2025-01-06,Customer 619,Corporate,Central,Stationery,Pen Set,6,14.51,0.05,82.71,13.76
ORD-11669,2025-01-06,Customer 207,Consumer,North,Home & Kitchen,Blender,1,42.47,0.1,38.22,9.06
ORD-10735,2025-01-06,Customer 449,Consumer,North,Clothing,Jeans,2,14.88,0.05,28.27,8.66
ORD-12943,2025-01-07,Customer 217,Home Office,North,Electronics,Laptop,7,778.6,0.0,5450.2,857.89
ORD-12110,2025-01-07,Customer 590,Corporate,North,Electronics,Smartphone,1,154.34,0.1,138.91,20.2
ORD-12350,2025-01-07,Customer 336,Corporate,East,Electronics,Tablet,7,682.34,0.05,4537.56,949.78
ORD-12874,2025-01-07,Customer 125,Home Office,South,Furniture,Bookshelf,2,653.74,0.0,1307.48,107.27
ORD-10838,2025-01-07,Customer 200,Corporate,West,Furniture,Bed Frame,5,129.46,0.0,647.3,71.56
ORD-12105,2025-01-08,Customer 589,Home Office,South,Stationery,Pen Set,2,5.56,0.0,11.12,1.26
ORD-10860,2025-01-08,Customer 470,Consumer,Central,Furniture,Bed Frame,2,142.28,0.0,284.56,35.66
ORD-11782,2025-01-08,Customer 475,Corporate,Central,Stationery,Backpack,1,29.98,0.05,28.48,2.66
ORD-12573,2025-01-09,Customer 262,Home Office,South,Clothing,Cap,2,35.92,0.05,68.25,23.88
ORD-12188,2025-01-09,Customer 342,Corporate,East,Furniture,Bookshelf,5,81.73,0.0,408.65,118.91
ORD-10610,2025-01-09,Customer 280,Home Office,West,Stationery,Pen Set,5,11.29,0.0,56.45,8.02
ORD-10002,2025-01-10,Customer 740,Home Office,East,Furniture,Office Chair,3,479.2,0.0,1437.6,169.88
ORD-10050,2025-01-11,Customer 256,Home Office,West,Electronics,Tablet,5,798.53,0.1,3593.38,294.39
ORD-12679,2025-01-11,Customer 666,Corporate,West,Home & Kitchen,Blender,1,78.8,0.1,70.92,10.93
ORD-10542,2025-01-11,Customer 125,Consumer,South,Clothing,Sneakers,4,24.94,0.0,99.76,5.88
ORD-11316,2025-01-11,Customer 167,Home Office,West,Clothing,Jeans,5,82.04,0.05,389.69,44.58
ORD-11984,2025-01-11,Customer 394,Corporate,North,Home & Kitchen,Cookware Set,6,138.1,0.0,828.6,183.45
ORD-10700,2025-01-11,Customer 58,Consumer,Central,Electronics,Tablet,3,701.25,0.0,2103.75,666.14
ORD-12659,2025-01-12,Customer 807,Consumer,South,Clothing,Jeans,4,50.43,0.0,201.72,27.32
ORD-12155,2025-01-12,Customer 32,Corporate,Central,Electronics,Laptop,3,406.6,0.0,1219.8,153.21
ORD-10661,2025-01-12,Customer 656,Consumer,North,Furniture,Sofa,3,422.71,0.0,1268.13,125.58
ORD-11771,2025-01-12,Customer 755,Corporate,North,Clothing,T-Shirt,4,46.03,0.0,184.12,35.15
ORD-11986,2025-01-12,Customer 383,Home Office,Central,Electronics,Smartphone,5,213.99,0.2,855.96,62.72
ORD-12884,2025-01-13,Customer 604,Corporate,North,Clothing,Cap,7,87.74,0.0,614.18,41.89
ORD-10415,2025-01-13,Customer 242,Home Office,West,Clothing,Jacket,1,45.14,0.0,45.14,11.72
ORD-11328,2025-01-13,Customer 444,Corporate,South,Clothing,Cap,1,63.98,0.0,63.98,17.83
ORD-10623,2025-01-13,Customer 683,Consumer,South,Stationery,Whiteboard,1,18.25,0.0,18.25,2.91
ORD-10710,2025-01-14,Customer 508,Corporate,South,Clothing,Sneakers,6,70.82,0.0,424.92,113.91
ORD-10644,2025-01-14,Customer 332,Consumer,West,Clothing,T-Shirt,6,80.85,0.0,485.1,71.97
ORD-10264,2025-01-14,Customer 403,Consumer,North,Furniture,Bed Frame,5,106.32,0.0,531.6,89.21
ORD-10233,2025-01-14,Customer 803,Consumer,East,Clothing,Sneakers,5,74.22,0.0,371.1,38.44
ORD-11593,2025-01-15,Customer 547,Home Office,South,Electronics,Laptop,6,432.27,0.0,2593.62,213.69
ORD-11651,2025-01-15,Customer 384,Consumer,South,Clothing,Cap,4,30.99,0.0,123.96,32.49
ORD-10658,2025-01-15,Customer 197,Consumer,South,Home & Kitchen,Air Fryer,2,168.37,0.05,319.9,91.18
ORD-12682,2025-01-15,Customer 430,Consumer,Central,Electronics,Smartwatch,2,190.03,0.0,380.06,21.12
ORD-11687,2025-01-15,Customer 135,Corporate,West,Home & Kitchen,Blender,2,58.68,0.0,117.36,21.36
ORD-12327,2025-01-15,Customer 604,Corporate,East,Electronics,Tablet,2,138.19,0.0,276.38,66.94
ORD-10505,2025-01-16,Customer 896,Home Office,Central,Home & Kitchen,Vacuum Cleaner,3,86.27,0.0,258.81,53.22
ORD-11561,2025-01-16,Customer 647,Corporate,South,Home & Kitchen,Cookware Set,6,94.17,0.0,565.02,49.99
ORD-11936,2025-01-16,Customer 391,Consumer,East,Clothing,Jacket,4,59.25,0.15,201.45,48.5
ORD-10152,2025-01-16,Customer 50,Consumer,North,Stationery,Notebook,2,16.35,0.0,32.7,4.23
ORD-10597,2025-01-16,Customer 612,Corporate,East,Clothing,Sneakers,5,27.75,0.0,138.75,22.07
ORD-10812,2025-01-16,Customer 792,Corporate,North,Home & Kitchen,Vacuum Cleaner,5,26.19,0.0,130.95,37.68
ORD-10476,2025-01-17,Customer 888,Home Office,West,Clothing,Cap,5,13.15,0.1,59.18,19.45
ORD-10351,2025-01-17,Customer 837,Consumer,South,Electronics,Headphones,3,527.82,0.0,1583.46,374.39
ORD-11757,2025-01-18,Customer 136,Consumer,Central,Electronics,Headphones,7,193.54,0.2,1083.82,235.21
ORD-11611,2025-01-18,Customer 765,Home Office,East,Electronics,Smartphone,3,197.29,0.0,591.87,52.52
ORD-10338,2025-01-19,Customer 284,Home Office,East,Clothing,Sneakers,5,18.04,0.0,90.2,30.08
ORD-10200,2025-01-19,Customer 831,Consumer,West,Stationery,Whiteboard,2,17.92,0.0,35.84,9.64
ORD-10160,2025-01-19,Customer 851,Corporate,Central,Clothing,Cap,5,14.21,0.0,71.05,23.25
ORD-11032,2025-01-19,Customer 23,Corporate,South,Stationery,Whiteboard,2,3.29,0.15,5.59,-3.64
ORD-11683,2025-01-19,Customer 845,Consumer,Central,Electronics,Laptop,7,787.26,0.0,5510.82,594.03
ORD-12836,2025-01-19,Customer 246,Corporate,South,Clothing,Jacket,5,34.03,0.0,170.15,43.55
ORD-12893,2025-01-20,Customer 151,Consumer,Central,Electronics,Laptop,6,333.34,0.0,2000.04,530.57
ORD-11358,2025-01-20,Customer 551,Consumer,East,Stationery,Notebook,7,27.68,0.1,174.38,17.76
ORD-11259,2025-01-21,Customer 56,Home Office,South,Home & Kitchen,Blender,6,79.32,0.05,452.12,122.91
ORD-10804,2025-01-21,Customer 555,Corporate,East,Home & Kitchen,Lamp,5,107.82,0.15,458.23,114.05
ORD-12148,2025-01-21,Customer 360,Consumer,North,Furniture,Bookshelf,6,304.87,0.0,1829.22,124.3
ORD-12803,2025-01-21,Customer 280,Consumer,East,Clothing,T-Shirt,2,37.0,0.0,74.0,6.27
ORD-10916,2025-01-21,Customer 711,Corporate,Central,Clothing,Jeans,1,33.49,0.0,33.49,1.87
ORD-12518,2025-01-21,Customer 846,Corporate,North,Clothing,Cap,3,62.24,0.0,186.72,13.67
ORD-12997,2025-01-22,Customer 726,Corporate,West,Clothing,Jeans,6,69.56,0.0,417.36,136.32
ORD-12020,2025-01-22,Customer 104,Consumer,West,Furniture,Bookshelf,5,420.26,0.0,2101.3,209.86
ORD-11537,2025-01-22,Customer 611,Home Office,East,Furniture,Office Chair,1,367.6,0.15,312.46,69.59
ORD-12542,2025-01-22,Customer 885,Home Office,Central,Furniture,Office Chair,2,154.47,0.1,278.05,23.6
ORD-10674,2025-01-22,Customer 91,Corporate,North,Clothing,Jacket,4,57.32,0.0,229.28,43.66
ORD-12262,2025-01-23,Customer 197,Consumer,West,Home & Kitchen,Vacuum Cleaner,5,176.55,0.0,882.75,84.2
ORD-12741,2025-01-23,Customer 746,Corporate,North,Clothing,Cap,4,16.86,0.0,67.44,21.07
ORD-10159,2025-01-23,Customer 506,Consumer,North,Home & Kitchen,Blender,6,54.69,0.05,311.73,39.66
ORD-10939,2025-01-23,Customer 476,Consumer,North,Stationery,Desk Organizer,1,20.32,0.0,20.32,6.89
ORD-11206,2025-01-23,Customer 138,Corporate,West,Clothing,T-Shirt,1,50.03,0.0,50.03,3.4
ORD-10406,2025-01-23,Customer 92,Consumer,West,Furniture,Bookshelf,7,537.23,0.0,3760.61,539.15
ORD-10725,2025-01-24,Customer 153,Consumer,North,Home & Kitchen,Vacuum Cleaner,4,118.88,0.1,427.97,126.33
ORD-10231,2025-01-24,Customer 20,Corporate,East,Electronics,Tablet,2,525.34,0.0,1050.68,108.33
ORD-11623,2025-01-24,Customer 384,Corporate,North,Clothing,Jacket,1,44.67,0.1,40.2,5.64
ORD-10864,2025-01-24,Customer 127,Consumer,East,Electronics,Smartphone,7,779.65,0.0,5457.55,938.65
ORD-12946,2025-01-25,Customer 197,Corporate,Central,Electronics,Laptop,2,278.75,0.05,529.62,145.31
ORD-10891,2025-01-25,Customer 120,Consumer,West,Home & Kitchen,Air Fryer,6,44.28,0.15,225.83,68.18
ORD-10343,2025-01-25,Customer 536,Consumer,West,Stationery,Whiteboard,4,5.27,0.0,21.08,2.6
ORD-10106,2025-01-25,Customer 718,Home Office,East,Electronics,Smartwatch,7,787.08,0.0,5509.56,613.32
ORD-12972,2025-01-25,Customer 381,Consumer,East,Stationery,Backpack,5,8.5,0.0,42.5,11.22
ORD-11002,2025-01-26,Customer 721,Consumer,Central,Furniture,Desk,3,466.86,0.05,1330.55,405.84
ORD-11919,2025-01-27,Customer 272,Consumer,West,Electronics,Headphones,6,855.3,0.0,5131.8,1755.13
ORD-10353,2025-01-27,Customer 494,Corporate,North,Electronics,Headphones,4,336.42,0.0,1345.68,77.07
ORD-12674,2025-01-27,Customer 496,Corporate,East,Stationery,Desk Organizer,1,39.58,0.05,37.6,10.2
ORD-10893,2025-01-27,Customer 579,Consumer,Central,Home & Kitchen,Air Fryer,3,182.95,0.0,548.85,136.06
ORD-10277,2025-01-28,Customer 676,Corporate,East,Electronics,Tablet,5,166.31,0.0,831.55,222.05
ORD-11751,2025-01-28,Customer 32,Consumer,South,Stationery,Backpack,5,16.75,0.0,83.75,24.52
ORD-11040,2025-01-29,Customer 144,Corporate,South,Stationery,Desk Organizer,1,22.49,0.15,19.12,-0.85
ORD-10448,2025-01-29,Customer 791,Consumer,South,Electronics,Smartphone,5,410.32,0.0,2051.6,233.48
ORD-10784,2025-01-29,Customer 176,Consumer,North,Electronics,Tablet,2,500.69,0.05,951.31,322.17
ORD-10882,2025-01-29,Customer 157,Corporate,West,Clothing,Cap,7,13.24,0.0,92.68,18.93
ORD-10342,2025-01-29,Customer 522,Home Office,North,Home & Kitchen,Lamp,1,171.62,0.0,171.62,26.77
ORD-11568,2025-01-30,Customer 173,Consumer,Central,Stationery,Pen Set,3,22.61,0.0,67.83,4.71
ORD-10921,2025-01-30,Customer 702,Consumer,East,Electronics,Smartphone,5,253.38,0.1,1140.21,188.0
ORD-10173,2025-01-30,Customer 716,Home Office,Central,Stationery,Desk Organizer,7,7.7,0.0,53.9,11.48
ORD-10969,2025-01-30,Customer 732,Corporate,Central,Clothing,T-Shirt,6,41.54,0.0,249.24,75.69
ORD-12338,2025-01-30,Customer 374,Consumer,East,Electronics,Laptop,1,102.62,0.0,102.62,25.27
ORD-12763,2025-01-31,Customer 860,Consumer,West,Electronics,Headphones,7,259.68,0.0,1817.76,357.69
ORD-12599,2025-01-31,Customer 115,Consumer,East,Furniture,Office Chair,3,279.83,0.0,839.49,124.21
ORD-12189,2025-01-31,Customer 866,Consumer,Central,Furniture,Sofa,6,328.66,0.0,1971.96,201.98
ORD-11267,2025-02-01,Customer 741,Corporate,East,Clothing,Sneakers,4,66.76,0.0,267.04,28.84
ORD-10323,2025-02-01,Customer 740,Consumer,East,Clothing,Sneakers,2,26.74,0.0,53.48,14.17
ORD-12640,2025-02-01,Customer 552,Consumer,West,Electronics,Smartphone,6,680.65,0.0,4083.9,1045.0
ORD-12797,2025-02-02,Customer 751,Corporate,West,Home & Kitchen,Air Fryer,4,138.93,0.0,555.72,86.25
ORD-11330,2025-02-02,Customer 507,Consumer,North,Home & Kitchen,Vacuum Cleaner,2,199.19,0.0,398.38,79.2
ORD-10019,2025-02-02,Customer 127,Home Office,East,Electronics,Laptop,4,812.78,0.0,3251.12,268.45
ORD-11720,2025-02-03,Customer 111,Corporate,South,Electronics,Tablet,2,376.16,0.0,752.32,72.16
ORD-12050,2025-02-03,Customer 449,Corporate,East,Furniture,Office Chair,2,454.73,0.0,909.46,188.92
ORD-10015,2025-02-03,Customer 564,Corporate,Central,Home & Kitchen,Blender,3,94.94,0.0,284.82,69.77
ORD-11510,2025-02-03,Customer 141,Consumer,Central,Home & Kitchen,Blender,4,43.28,0.15,147.15,12.67
ORD-11893,2025-02-04,Customer 288,Corporate,West,Stationery,Backpack,1,22.7,0.1,20.43,1.7
ORD-10097,2025-02-04,Customer 71,Consumer,West,Electronics,Smartwatch,6,326.81,0.0,1960.86,301.86
ORD-11154,2025-02-04,Customer 186,Home Office,East,Home & Kitchen,Blender,6,106.82,0.0,640.92,119.44
ORD-12954,2025-02-06,Customer 142,Consumer,Central,Home & Kitchen,Cookware Set,1,53.13,0.0,53.13,5.92
ORD-12018,2025-02-06,Customer 599,Consumer,South,Clothing,Jeans,6,53.93,0.0,323.58,40.99
ORD-11000,2025-02-06,Customer 533,Home Office,North,Furniture,Bed Frame,2,507.81,0.0,1015.62,73.79
ORD-12070,2025-02-06,Customer 241,Corporate,East,Home & Kitchen,Cookware Set,1,94.88,0.0,94.88,4.78
ORD-10540,2025-02-06,Customer 48,Consumer,South,Stationery,Desk Organizer,5,16.74,0.05,79.51,7.57
ORD-10480,2025-02-07,Customer 388,Corporate,South,Clothing,Jacket,6,62.84,0.0,377.04,116.9
ORD-11931,2025-02-07,Customer 12,Consumer,East,Clothing,T-Shirt,6,49.24,0.2,236.35,30.37
ORD-11349,2025-02-08,Customer 843,Home Office,West,Electronics,Smartphone,1,474.64,0.0,474.64,61.21
ORD-11929,2025-02-08,Customer 648,Home Office,South,Electronics,Smartphone,1,457.45,0.2,365.96,13.61
ORD-10257,2025-02-08,Customer 843,Consumer,South,Home & Kitchen,Blender,7,164.28,0.0,1149.96,302.56
ORD-10041,2025-02-08,Customer 625,Corporate,West,Furniture,Bookshelf,5,205.49,0.1,924.71,82.88
ORD-10724,2025-02-08,Customer 699,Corporate,South,Furniture,Bookshelf,7,574.72,0.1,3620.74,499.19
ORD-10100,2025-02-08,Customer 483,Home Office,East,Electronics,Tablet,3,799.52,0.0,2398.56,316.5
ORD-12184,2025-02-08,Customer 206,Consumer,North,Clothing,T-Shirt,5,61.08,0.0,305.4,83.9
ORD-11940,2025-02-08,Customer 632,Corporate,Central,Stationery,Backpack,1,6.33,0.2,5.06,-4.18
ORD-12172,2025-02-08,Customer 851,Consumer,East,Clothing,Sneakers,4,37.33,0.0,149.32,25.8
ORD-12778,2025-02-08,Customer 637,Consumer,East,Stationery,Desk Organizer,1,30.27,0.05,28.76,7.16
ORD-10358,2025-02-09,Customer 615,Consumer,North,Home & Kitchen,Blender,2,124.11,0.0,248.22,39.6
ORD-10047,2025-02-09,Customer 702,Corporate,South,Home & Kitchen,Vacuum Cleaner,3,188.19,0.0,564.57,91.97
ORD-11294,2025-02-09,Customer 699,Consumer,West,Clothing,Sneakers,2,16.95,0.0,33.9,6.87
ORD-10606,2025-02-09,Customer 205,Corporate,East,Home & Kitchen,Lamp,5,142.86,0.05,678.59,82.36
ORD-10474,2025-02-09,Customer 334,Corporate,East,Furniture,Desk,1,369.57,0.0,369.57,30.84
ORD-12999,2025-02-10,Customer 613,Consumer,West,Electronics,Headphones,3,381.5,0.05,1087.27,132.03
ORD-11664,2025-02-10,Customer 180,Consumer,West,Electronics,Smartwatch,1,247.13,0.05,234.77,12.54
ORD-10719,2025-02-11,Customer 547,Consumer,North,Electronics,Smartphone,4,461.34,0.0,1845.36,486.71
ORD-10588,2025-02-11,Customer 733,Consumer,East,Electronics,Smartwatch,4,448.61,0.05,1704.72,294.2
ORD-12256,2025-02-11,Customer 195,Consumer,Central,Clothing,Jeans,1,83.11,0.0,83.11,29.02
ORD-10224,2025-02-11,Customer 86,Consumer,Central,Clothing,Jeans,2,27.35,0.0,54.7,9.82
ORD-11994,2025-02-11,Customer 366,Home Office,East,Electronics,Laptop,7,248.1,0.0,1736.7,453.18
ORD-11928,2025-02-11,Customer 894,Consumer,North,Home & Kitchen,Cookware Set,2,70.23,0.0,140.46,28.54
ORD-12028,2025-02-11,Customer 75,Consumer,North,Stationery,Whiteboard,7,4.91,0.0,34.37,2.13
ORD-11646,2025-02-11,Customer 121,Consumer,South,Clothing,Sneakers,4,55.52,0.1,199.87,45.0
ORD-12493,2025-02-11,Customer 48,Home Office,North,Furniture,Bed Frame,1,155.26,0.2,124.21,16.29
ORD-10389,2025-02-12,Customer 4,Home Office,West,Electronics,Tablet,5,366.33,0.0,1831.65,606.47
ORD-10062,2025-02-12,Customer 283,Corporate,Central,Clothing,Cap,2,73.99,0.1,133.18,26.4
ORD-12351,2025-02-12,Customer 736,Corporate,West,Furniture,Desk,3,81.91,0.0,245.73,83.03
ORD-10749,2025-02-12,Customer 1,Consumer,West,Furniture,Bookshelf,4,615.15,0.0,2460.6,392.01
ORD-11740,2025-02-12,Customer 286,Consumer,West,Home & Kitchen,Lamp,4,94.09,0.1,338.72,113.86
ORD-12900,2025-02-12,Customer 865,Corporate,East,Furniture,Office Chair,5,216.71,0.0,1083.55,355.16
ORD-11747,2025-02-12,Customer 157,Corporate,Central,Clothing,Cap,5,65.05,0.0,325.25,58.03
ORD-11491,2025-02-13,Customer 105,Consumer,South,Electronics,Smartwatch,2,183.85,0.05,349.31,31.75
ORD-12617,2025-02-13,Customer 407,Home Office,South,Clothing,T-Shirt,7,22.36,0.15,133.04,30.61
ORD-12876,2025-02-13,Customer 806,Corporate,North,Home & Kitchen,Vacuum Cleaner,4,35.75,0.0,143.0,13.85
ORD-11616,2025-02-13,Customer 444,Corporate,East,Stationery,Desk Organizer,6,15.99,0.0,95.94,28.65
ORD-11085,2025-02-13,Customer 426,Corporate,South,Stationery,Pen Set,4,5.5,0.0,22.0,3.78
ORD-12857,2025-02-13,Customer 324,Corporate,Central,Home & Kitchen,Blender,2,66.5,0.1,119.7,8.05
ORD-11493,2025-02-13,Customer 570,Home Office,West,Clothing,Cap,2,51.58,0.0,103.16,15.29
ORD-10221,2025-02-13,Customer 200,Consumer,North,Clothing,Sneakers,7,16.94,0.0,118.58,32.36
ORD-12358,2025-02-14,Customer 90,Corporate,East,Clothing,Jacket,2,36.29,0.15,61.69,15.72
ORD-11472,2025-02-14,Customer 138,Corporate,East,Electronics,Smartphone,1,706.83,0.0,706.83,219.36
ORD-12181,2025-02-14,Customer 396,Home Office,Central,Clothing,Jeans,1,28.6,0.0,28.6,4.87
ORD-10327,2025-02-15,Customer 553,Corporate,Central,Electronics,Tablet,3,452.51,0.0,1357.53,230.23
ORD-12749,2025-02-15,Customer 431,Consumer,West,Electronics,Headphones,2,62.56,0.0,125.12,38.52
ORD-10898,2025-02-15,Customer 811,Consumer,Central,Clothing,Jacket,5,20.57,0.0,102.85,13.94
ORD-11428,2025-02-15,Customer 5,Consumer,East,Clothing,Sneakers,4,72.13,0.0,288.52,40.08
ORD-12538,2025-02-15,Customer 741,Consumer,East,Home & Kitchen,Lamp,6,168.58,0.0,1011.48,249.59
ORD-12069,2025-02-15,Customer 407,Consumer,South,Electronics,Tablet,7,810.57,0.05,5390.29,1017.46
ORD-12558,2025-02-16,Customer 440,Consumer,North,Stationery,Pen Set,3,25.89,0.0,77.67,18.49
ORD-11270,2025-02-16,Customer 687,Consumer,West,Clothing,T-Shirt,3,75.36,0.0,226.08,54.4
ORD-10470,2025-02-17,Customer 715,Corporate,South,Clothing,Jeans,6,13.2,0.0,79.2,20.18
ORD-10518,2025-02-17,Customer 878,Corporate,West,Electronics,Tablet,6,274.86,0.0,1649.16,444.77
ORD-12368,2025-02-17,Customer 583,Consumer,West,Clothing,Sneakers,5,79.25,0.0,396.25,113.1
ORD-10009,2025-02-17,Customer 193,Consumer,East,Furniture,Bookshelf,7,350.76,0.0,2455.32,751.38
ORD-12505,2025-02-17,Customer 64,Corporate,West,Clothing,Cap,4,43.28,0.05,164.46,43.83
ORD-11097,2025-02-18,Customer 502,Consumer,West,Furniture,Office Chair,4,517.94,0.0,2071.76,207.64
ORD-11700,2025-02-18,Customer 679,Consumer,Central,Stationery,Desk Organizer,3,9.32,0.0,27.96,4.29
ORD-12962,2025-02-18,Customer 309,Corporate,Central,Electronics,Smartwatch,4,257.24,0.15,874.62,146.64
ORD-12910,2025-02-18,Customer 368,Consumer,South,Home & Kitchen,Cookware Set,1,65.69,0.15,55.84,0.82
ORD-11082,2025-02-18,Customer 124,Corporate,West,Electronics,Smartwatch,3,210.4,0.0,631.2,145.0
ORD-12447,2025-02-18,Customer 392,Corporate,East,Home & Kitchen,Air Fryer,4,121.3,0.0,485.2,31.68
ORD-11503,2025-02-19,Customer 845,Corporate,West,Electronics,Smartphone,1,707.46,0.0,707.46,182.56
ORD-11441,2025-02-19,Customer 41,Consumer,North,Furniture,Office Chair,6,668.13,0.0,4008.78,895.34
ORD-10682,2025-02-19,Customer 294,Corporate,North,Electronics,Tablet,6,784.69,0.0,4708.14,1622.75
ORD-11396,2025-02-19,Customer 737,Consumer,East,Electronics,Smartphone,1,123.54,0.0,123.54,41.28
ORD-12676,2025-02-19,Customer 375,Home Office,South,Home & Kitchen,Vacuum Cleaner,1,45.39,0.2,36.31,3.97
ORD-11980,2025-02-19,Customer 125,Consumer,West,Clothing,Cap,3,12.26,0.0,36.78,10.65
ORD-12401,2025-02-19,Customer 304,Home Office,North,Electronics,Smartphone,4,471.65,0.0,1886.6,250.21
ORD-12295,2025-02-20,Customer 828,Consumer,North,Furniture,Desk,3,604.86,0.0,1814.58,144.22
ORD-12322,2025-02-20,Customer 151,Corporate,Central,Home & Kitchen,Vacuum Cleaner,2,112.73,0.0,225.46,21.07
ORD-12487,2025-02-20,Customer 472,Home Office,Central,Clothing,Jacket,1,57.57,0.0,57.57,7.56
ORD-12756,2025-02-20,Customer 386,Corporate,East,Home & Kitchen,Air Fryer,6,156.36,0.2,750.53,123.77
ORD-12264,2025-02-20,Customer 106,Corporate,East,Furniture,Bed Frame,1,521.89,0.05,495.8,123.65
ORD-11814,2025-02-20,Customer 89,Corporate,Central,Clothing,Jacket,1,77.86,0.0,77.86,24.77
ORD-11961,2025-02-20,Customer 825,Corporate,West,Stationery,Desk Organizer,2,21.39,0.1,38.5,3.2
ORD-10569,2025-02-21,Customer 760,Consumer,Central,Electronics,Tablet,2,449.51,0.1,809.12,71.1
ORD-10108,2025-02-21,Customer 177,Home Office,South,Clothing,Jeans,1,47.41,0.0,47.41,7.98
ORD-11577,2025-02-21,Customer 562,Consumer,West,Home & Kitchen,Vacuum Cleaner,2,37.03,0.0,74.06,9.71
ORD-11313,2025-02-21,Customer 325,Consumer,West,Stationery,Notebook,3,20.15,0.0,60.45,16.11
ORD-11738,2025-02-21,Customer 103,Corporate,Central,Stationery,Backpack,2,35.64,0.05,67.72,23.0
ORD-11797,2025-02-21,Customer 525,Home Office,West,Furniture,Bed Frame,7,219.72,0.05,1461.14,455.41
ORD-11584,2025-02-22,Customer 350,Consumer,South,Clothing,Jeans,7,77.49,0.0,542.43,66.17
ORD-11492,2025-02-22,Customer 231,Consumer,South,Furniture,Office Chair,5,170.6,0.0,853.0,236.65
ORD-11979,2025-02-22,Customer 614,Corporate,North,Stationery,Backpack,1,28.4,0.0,28.4,9.37
ORD-12380,2025-02-22,Customer 139,Consumer,West,Electronics,Smartwatch,7,84.5,0.0,591.5,125.53
ORD-11851,2025-02-22,Customer 379,Consumer,East,Stationery,Backpack,1,9.48,0.1,8.53,0.58
ORD-12364,2025-02-23,Customer 704,Consumer,West,Home & Kitchen,Blender,1,166.9,0.0,166.9,30.16
ORD-12537,2025-02-23,Customer 584,Consumer,East,Electronics,Smartphone,7,513.22,0.0,3592.54,578.27
ORD-10914,2025-02-23,Customer 538,Consumer,North,Electronics,Tablet,2,716.3,0.0,1432.6,421.46
ORD-12347,2025-02-23,Customer 809,Consumer,West,Home & Kitchen,Vacuum Cleaner,7,72.24,0.0,505.68,131.1
ORD-10305,2025-02-23,Customer 831,Consumer,West,Stationery,Notebook,7,4.88,0.15,29.04,1.0
ORD-12768,2025-02-23,Customer 211,Home Office,East,Electronics,Smartphone,5,488.04,0.0,2440.2,188.13
ORD-12073,2025-02-24,Customer 773,Home Office,West,Clothing,Jeans,4,16.77,0.0,67.08,7.84
ORD-10910,2025-02-24,Customer 81,Consumer,West,Electronics,Smartwatch,7,424.68,0.0,2972.76,348.18
ORD-10391,2025-02-24,Customer 583,Corporate,North,Electronics,Smartphone,2,647.93,0.0,1295.86,280.56
ORD-12817,2025-02-24,Customer 827,Consumer,Central,Home & Kitchen,Blender,3,142.15,0.0,426.45,23.13
ORD-11112,2025-02-25,Customer 240,Consumer,North,Electronics,Smartphone,4,138.18,0.1,497.45,103.47
ORD-10975,2025-02-25,Customer 472,Corporate,North,Electronics,Tablet,4,186.02,0.0,744.08,211.3
ORD-12934,2025-02-26,Customer 735,Consumer,South,Electronics,Smartwatch,1,601.68,0.0,601.68,155.07
ORD-11636,2025-02-26,Customer 842,Consumer,North,Clothing,Sneakers,3,64.19,0.15,163.68,13.29
ORD-10157,2025-02-26,Customer 839,Corporate,South,Clothing,Jacket,6,84.14,0.0,504.84,75.11
ORD-12375,2025-02-26,Customer 836,Consumer,North,Stationery,Backpack,1,27.25,0.05,25.89,5.48
ORD-11819,2025-02-26,Customer 269,Consumer,North,Clothing,T-Shirt,2,53.39,0.0,106.78,35.3
ORD-10679,2025-02-26,Customer 259,Corporate,Central,Clothing,Jacket,7,46.38,0.0,324.66,50.34
ORD-12206,2025-02-26,Customer 875,Corporate,North,Clothing,Jeans,5,31.8,0.0,159.0,51.42
ORD-11529,2025-02-27,Customer 519,Consumer,West,Electronics,Smartphone,1,804.15,0.0,804.15,210.11
ORD-12137,2025-02-27,Customer 563,Home Office,West,Furniture,Office Chair,6,223.45,0.0,1340.7,124.59
ORD-10392,2025-02-27,Customer 825,Corporate,North,Stationery,Notebook,6,37.14,0.0,222.84,73.2
ORD-11302,2025-02-28,Customer 448,Corporate,West,Stationery,Desk Organizer,7,14.89,0.1,93.81,12.16
ORD-11012,2025-02-28,Customer 439,Corporate,Central,Electronics,Tablet,7,353.42,0.0,2473.94,847.16
ORD-12012,2025-02-28,Customer 175,Consumer,South,Stationery,Pen Set,5,33.63,0.0,168.15,31.16
ORD-10695,2025-02-28,Customer 336,Consumer,East,Home & Kitchen,Blender,4,175.5,0.0,702.0,158.1
ORD-11052,2025-03-02,Customer 594,Consumer,Central,Clothing,T-Shirt,7,71.83,0.0,502.81,89.54
ORD-11308,2025-03-03,Customer 423,Corporate,North,Electronics,Laptop,4,153.37,0.0,613.48,192.33
ORD-12949,2025-03-03,Customer 691,Corporate,North,Furniture,Bookshelf,1,286.55,0.0,286.55,26.62
ORD-10110,2025-03-03,Customer 422,Consumer,South,Electronics,Tablet,1,498.49,0.0,498.49,31.68
ORD-12852,2025-03-03,Customer 76,Corporate,South,Home & Kitchen,Blender,3,78.98,0.05,225.09,37.67
ORD-12229,2025-03-03,Customer 148,Home Office,South,Stationery,Pen Set,2,27.8,0.0,55.6,6.72
ORD-12737,2025-03-03,Customer 305,Consumer,Central,Stationery,Pen Set,7,27.85,0.05,185.2,43.37
ORD-10848,2025-03-04,Customer 821,Consumer,East,Furniture,Bookshelf,4,241.52,0.0,966.08,330.81
ORD-10981,2025-03-04,Customer 176,Consumer,West,Home & Kitchen,Cookware Set,5,130.73,0.0,653.65,218.46
ORD-11971,2025-03-04,Customer 833,Corporate,Central,Stationery,Desk Organizer,3,32.19,0.0,96.57,16.77
ORD-12356,2025-03-04,Customer 644,Consumer,East,Electronics,Smartwatch,7,505.02,0.0,3535.14,632.04
ORD-10835,2025-03-04,Customer 441,Corporate,North,Stationery,Notebook,3,37.65,0.0,112.95,25.11
ORD-12057,2025-03-04,Customer 761,Home Office,West,Furniture,Office Chair,6,660.37,0.0,3962.22,1290.71
ORD-11188,2025-03-05,Customer 773,Home Office,West,Clothing,Cap,1,42.34,0.1,38.11,1.93
ORD-10349,2025-03-05,Customer 733,Consumer,West,Furniture,Office Chair,3,347.42,0.0,1042.26,289.13
ORD-12522,2025-03-05,Customer 1,Corporate,West,Clothing,Jeans,7,84.6,0.15,503.37,95.33
ORD-10127,2025-03-06,Customer 367,Corporate,Central,Clothing,Jeans,5,37.39,0.0,186.95,16.4
ORD-12421,2025-03-06,Customer 265,Consumer,West,Electronics,Laptop,4,314.13,0.0,1256.52,127.98
ORD-10456,2025-03-06,Customer 737,Home Office,West,Clothing,Jeans,6,44.51,0.1,240.35,81.37
ORD-10949,2025-03-06,Customer 313,Consumer,East,Stationery,Desk Organizer,3,4.04,0.0,12.12,1.88
ORD-11526,2025-03-07,Customer 425,Corporate,West,Clothing,Jeans,3,87.29,0.1,235.68,57.46
ORD-11654,2025-03-07,Customer 487,Corporate,South,Clothing,T-Shirt,1,76.85,0.0,76.85,9.88
ORD-11663,2025-03-07,Customer 292,Corporate,West,Electronics,Smartwatch,7,452.28,0.1,2849.36,435.98
ORD-11796,2025-03-07,Customer 573,Corporate,North,Clothing,Cap,7,20.21,0.1,127.32,36.45
ORD-12841,2025-03-07,Customer 526,Corporate,West,Electronics,Laptop,1,771.64,0.0,771.64,232.78
ORD-10859,2025-03-07,Customer 25,Home Office,West,Furniture,Office Chair,4,316.56,0.0,1266.24,273.52
ORD-10561,2025-03-07,Customer 605,Home Office,West,Home & Kitchen,Blender,5,196.53,0.05,933.52,188.32
ORD-10273,2025-03-08,Customer 854,Corporate,West,Furniture,Office Chair,6,138.29,0.05,788.25,246.63
ORD-12360,2025-03-08,Customer 412,Corporate,North,Clothing,T-Shirt,5,56.32,0.0,281.6,77.71
ORD-11901,2025-03-08,Customer 458,Home Office,North,Clothing,Jeans,4,39.46,0.0,157.84,33.51
ORD-10553,2025-03-08,Customer 221,Consumer,South,Clothing,T-Shirt,7,71.05,0.0,497.35,86.61
ORD-11272,2025-03-08,Customer 834,Home Office,North,Furniture,Bookshelf,5,579.07,0.0,2895.35,584.24
ORD-12055,2025-03-09,Customer 502,Corporate,East,Clothing,Jeans,4,55.78,0.0,223.12,39.94
ORD-10242,2025-03-09,Customer 766,Home Office,West,Electronics,Tablet,2,377.69,0.0,755.38,177.97
ORD-10641,2025-03-10,Customer 125,Consumer,North,Electronics,Smartwatch,2,534.46,0.0,1068.92,151.55
ORD-10452,2025-03-10,Customer 540,Consumer,Central,Clothing,Jacket,2,13.11,0.0,26.22,5.58
ORD-12662,2025-03-10,Customer 434,Consumer,East,Home & Kitchen,Lamp,1,161.74,0.15,137.48,23.36
ORD-12216,2025-03-10,Customer 612,Corporate,East,Home & Kitchen,Vacuum Cleaner,3,189.43,0.0,568.29,67.92
ORD-10234,2025-03-10,Customer 652,Consumer,East,Electronics,Tablet,1,614.39,0.0,614.39,206.4
ORD-10432,2025-03-11,Customer 754,Consumer,East,Clothing,Jacket,3,22.28,0.0,66.84,4.32
ORD-11726,2025-03-11,Customer 346,Corporate,Central,Furniture,Bed Frame,2,217.78,0.05,413.78,140.96
ORD-10912,2025-03-11,Customer 543,Consumer,East,Electronics,Laptop,1,411.45,0.2,329.16,64.63
ORD-10385,2025-03-11,Customer 661,Home Office,Central,Electronics,Headphones,1,597.18,0.05,567.32,174.47
ORD-11671,2025-03-12,Customer 549,Corporate,Central,Clothing,T-Shirt,7,19.69,0.0,137.83,45.43
ORD-10683,2025-03-12,Customer 292,Corporate,Central,Home & Kitchen,Air Fryer,5,86.14,0.05,409.16,108.43
ORD-10598,2025-03-13,Customer 761,Consumer,East,Clothing,T-Shirt,1,78.79,0.0,78.79,20.37
ORD-11345,2025-03-13,Customer 687,Home Office,North,Stationery,Backpack,1,15.94,0.0,15.94,5.14
ORD-12031,2025-03-14,Customer 214,Corporate,North,Stationery,Pen Set,6,15.26,0.0,91.56,7.67
ORD-12416,2025-03-14,Customer 859,Corporate,Central,Clothing,Jacket,6,61.18,0.0,367.08,49.29
ORD-12373,2025-03-14,Customer 804,Corporate,Central,Clothing,T-Shirt,7,13.2,0.05,87.78,16.44
ORD-11624,2025-03-14,Customer 477,Corporate,Central,Electronics,Smartwatch,5,856.3,0.2,3425.2,484.85
ORD-10494,2025-03-15,Customer 491,Consumer,Central,Clothing,Jeans,2,61.23,0.0,122.46,20.55
ORD-11042,2025-03-15,Customer 451,Consumer,Central,Stationery,Pen Set,6,22.57,0.2,108.34,13.22
ORD-12958,2025-03-15,Customer 701,Consumer,North,Home & Kitchen,Cookware Set,2,127.01,0.0,254.02,34.39
ORD-11431,2025-03-15,Customer 737,Corporate,South,Stationery,Pen Set,3,22.64,0.1,61.13,10.21
ORD-11677,2025-03-15,Customer 849,Consumer,North,Home & Kitchen,Vacuum Cleaner,7,100.96,0.0,706.72,78.03
ORD-12892,2025-03-16,Customer 142,Corporate,Central,Clothing,Jacket,1,26.42,0.0,26.42,5.37
ORD-10205,2025-03-16,Customer 789,Corporate,West,Stationery,Notebook,1,19.33,0.0,19.33,5.29
ORD-11172,2025-03-16,Customer 58,Consumer,West,Electronics,Headphones,2,659.02,0.0,1318.04,392.01
ORD-12138,2025-03-16,Customer 564,Home Office,West,Electronics,Smartphone,2,308.21,0.0,616.42,117.88
ORD-10317,2025-03-16,Customer 691,Consumer,South,Electronics,Laptop,6,397.99,0.15,2029.75,493.85
ORD-11688,2025-03-16,Customer 44,Consumer,South,Clothing,Cap,2,60.91,0.0,121.82,12.4
ORD-12379,2025-03-16,Customer 33,Home Office,Central,Furniture,Desk,2,447.4,0.1,805.32,224.41
ORD-12224,2025-03-17,Customer 402,Consumer,Central,Furniture,Bed Frame,6,103.98,0.1,561.49,170.85
ORD-11011,2025-03-17,Customer 744,Consumer,West,Clothing,Jacket,6,16.68,0.15,85.07,16.25
ORD-12398,2025-03-17,Customer 286,Consumer,South,Clothing,Jacket,7,29.29,0.0,205.03,12.59
ORD-12174,2025-03-17,Customer 247,Consumer,North,Furniture,Bookshelf,7,441.54,0.0,3090.78,996.51
ORD-11964,2025-03-17,Customer 381,Home Office,West,Clothing,Sneakers,5,66.81,0.2,267.24,80.17
ORD-10687,2025-03-18,Customer 204,Corporate,West,Furniture,Office Chair,7,468.82,0.0,3281.74,986.79
ORD-12182,2025-03-18,Customer 747,Consumer,North,Clothing,Sneakers,7,60.34,0.0,422.38,79.02
ORD-12516,2025-03-18,Customer 506,Corporate,Central,Electronics,Smartwatch,2,490.39,0.0,980.78,236.87
ORD-12213,2025-03-18,Customer 378,Consumer,Central,Electronics,Smartwatch,4,803.55,0.0,3214.2,888.09
ORD-10514,2025-03-19,Customer 158,Consumer,South,Clothing,Cap,5,80.77,0.0,403.85,45.04
ORD-11638,2025-03-19,Customer 782,Home Office,Central,Clothing,Jacket,2,73.47,0.1,132.25,10.82
ORD-11062,2025-03-19,Customer 605,Corporate,North,Electronics,Tablet,2,713.05,0.1,1283.49,331.29
ORD-12180,2025-03-19,Customer 333,Consumer,East,Clothing,Cap,6,45.69,0.05,260.43,28.37
ORD-12203,2025-03-20,Customer 382,Corporate,South,Stationery,Desk Organizer,2,36.73,0.0,73.46,6.28
ORD-10457,2025-03-20,Customer 516,Home Office,West,Home & Kitchen,Cookware Set,4,182.78,0.0,731.12,73.25
ORD-12936,2025-03-21,Customer 232,Consumer,Central,Electronics,Headphones,5,784.29,0.0,3921.45,741.48
ORD-12868,2025-03-21,Customer 111,Home Office,West,Clothing,T-Shirt,5,29.8,0.0,149.0,27.31
ORD-11976,2025-03-21,Customer 438,Consumer,North,Electronics,Smartphone,5,377.29,0.0,1886.45,563.6
ORD-11899,2025-03-21,Customer 606,Consumer,West,Clothing,T-Shirt,6,60.75,0.0,364.5,105.49
ORD-12957,2025-03-22,Customer 50,Corporate,East,Electronics,Smartphone,1,347.39,0.2,277.91,79.25
ORD-12696,2025-03-22,Customer 827,Consumer,West,Clothing,Jacket,1,14.86,0.2,11.89,-2.12
ORD-10348,2025-03-22,Customer 189,Consumer,West,Clothing,T-Shirt,6,29.63,0.0,177.78,21.29
ORD-12865,2025-03-22,Customer 798,Consumer,West,Furniture,Bookshelf,6,296.17,0.0,1777.02,589.78
ORD-12091,2025-03-22,Customer 258,Consumer,Central,Stationery,Backpack,1,21.06,0.0,21.06,5.36
ORD-10182,2025-03-22,Customer 55,Home Office,Central,Clothing,T-Shirt,6,48.04,0.1,259.42,63.42
ORD-11582,2025-03-22,Customer 892,Consumer,East,Clothing,Jeans,2,69.39,0.0,138.78,20.41
ORD-12819,2025-03-23,Customer 264,Corporate,East,Home & Kitchen,Air Fryer,5,98.39,0.0,491.95,134.69
ORD-11789,2025-03-23,Customer 883,Corporate,South,Electronics,Smartwatch,1,498.99,0.05,474.04,163.95
ORD-11592,2025-03-23,Customer 209,Home Office,East,Clothing,Jacket,6,30.85,0.0,185.1,47.54
ORD-10414,2025-03-23,Customer 779,Home Office,Central,Clothing,T-Shirt,1,32.94,0.15,28.0,1.08
ORD-10825,2025-03-23,Customer 539,Corporate,North,Clothing,Cap,3,36.55,0.0,109.65,7.48
ORD-12275,2025-03-24,Customer 387,Consumer,North,Electronics,Headphones,7,320.78,0.0,2245.46,154.54
ORD-12409,2025-03-24,Customer 146,Corporate,West,Clothing,T-Shirt,4,32.9,0.15,111.86,19.7
ORD-12798,2025-03-24,Customer 100,Consumer,East,Furniture,Bookshelf,7,318.69,0.1,2007.75,556.03
ORD-11709,2025-03-24,Customer 720,Corporate,Central,Clothing,Cap,2,28.14,0.1,50.65,7.02
ORD-12723,2025-03-24,Customer 732,Consumer,East,Clothing,T-Shirt,5,27.77,0.0,138.85,10.92
ORD-11008,2025-03-24,Customer 468,Consumer,West,Stationery,Desk Organizer,3,37.24,0.05,106.13,17.18
ORD-10070,2025-03-24,Customer 434,Consumer,South,Clothing,T-Shirt,3,77.56,0.05,221.05,67.55
ORD-10059,2025-03-25,Customer 196,Consumer,West,Clothing,Jeans,6,42.7,0.0,256.2,37.18
ORD-12488,2025-03-25,Customer 101,Home Office,West,Clothing,Cap,2,75.53,0.0,151.06,43.75
ORD-10204,2025-03-25,Customer 275,Consumer,Central,Electronics,Tablet,4,788.64,0.0,3154.56,876.94
ORD-12480,2025-03-25,Customer 103,Home Office,East,Electronics,Smartwatch,2,721.53,0.0,1443.06,439.89
ORD-10314,2025-03-25,Customer 38,Corporate,West,Clothing,Sneakers,4,41.69,0.0,166.76,41.11
ORD-10467,2025-03-26,Customer 56,Consumer,West,Clothing,Cap,2,55.13,0.0,110.26,18.42
ORD-11029,2025-03-26,Customer 170,Home Office,East,Home & Kitchen,Blender,3,167.68,0.05,477.89,150.08
ORD-10061,2025-03-26,Customer 325,Consumer,West,Clothing,Jacket,4,60.08,0.0,240.32,65.13
ORD-10609,2025-03-27,Customer 524,Consumer,West,Electronics,Smartwatch,7,793.16,0.0,5552.12,1052.3
ORD-10504,2025-03-27,Customer 530,Corporate,West,Clothing,Cap,7,31.43,0.1,198.01,28.79
ORD-10689,2025-03-27,Customer 379,Consumer,North,Furniture,Sofa,7,191.46,0.0,1340.22,112.53
ORD-10680,2025-03-27,Customer 603,Consumer,West,Stationery,Notebook,3,15.32,0.0,45.96,15.11
ORD-10822,2025-03-28,Customer 666,Corporate,South,Clothing,Cap,5,77.13,0.1,347.08,82.45
ORD-12454,2025-03-28,Customer 130,Corporate,North,Furniture,Bed Frame,7,599.46,0.0,4196.22,1000.85
ORD-11218,2025-03-28,Customer 414,Consumer,West,Electronics,Laptop,2,341.85,0.0,683.7,63.54
ORD-11769,2025-03-29,Customer 549,Consumer,South,Clothing,Jacket,6,63.29,0.05,360.75,45.34
ORD-12731,2025-03-29,Customer 587,Home Office,South,Electronics,Smartwatch,2,848.69,0.05,1612.51,532.3
ORD-11853,2025-03-29,Customer 855,Consumer,North,Clothing,Cap,2,18.52,0.2,29.63,-0.75
ORD-12412,2025-03-29,Customer 353,Corporate,North,Home & Kitchen,Air Fryer,6,26.78,0.0,160.68,42.43
ORD-12300,2025-03-30,Customer 565,Consumer,Central,Stationery,Notebook,5,37.07,0.2,148.28,14.79
ORD-10022,2025-03-30,Customer 392,Consumer,South,Stationery,Backpack,3,4.66,0.2,11.18,-1.45
ORD-12626,2025-03-31,Customer 89,Corporate,West,Home & Kitchen,Blender,3,39.2,0.0,117.6,23.44
ORD-10717,2025-03-31,Customer 541,Corporate,East,Clothing,Cap,4,30.2,0.0,120.8,29.45
ORD-11725,2025-03-31,Customer 84,Home Office,West,Furniture,Desk,7,407.99,0.0,2855.93,919.29
ORD-12402,2025-04-01,Customer 644,Corporate,South,Furniture,Bed Frame,5,473.98,0.1,2132.91,171.42
ORD-12465,2025-04-01,Customer 49,Consumer,South,Home & Kitchen,Lamp,5,16.12,0.0,80.6,16.05
ORD-11909,2025-04-01,Customer 215,Corporate,West,Electronics,Smartphone,7,416.24,0.0,2913.68,335.51
ORD-12486,2025-04-01,Customer 30,Home Office,North,Furniture,Bookshelf,7,213.32,0.0,1493.24,289.94
ORD-10733,2025-04-01,Customer 435,Consumer,South,Electronics,Smartwatch,7,858.03,0.0,6006.21,1539.68
ORD-10145,2025-04-02,Customer 158,Consumer,West,Electronics,Smartphone,2,208.08,0.1,374.54,63.5
ORD-10855,2025-04-02,Customer 566,Corporate,Central,Furniture,Bed Frame,7,276.45,0.0,1935.15,128.42
ORD-10134,2025-04-02,Customer 527,Consumer,South,Clothing,Jeans,4,30.62,0.0,122.48,14.17
ORD-10439,2025-04-02,Customer 352,Home Office,South,Home & Kitchen,Air Fryer,7,163.13,0.0,1141.91,324.08
ORD-11254,2025-04-02,Customer 622,Home Office,West,Stationery,Desk Organizer,3,14.69,0.0,44.07,13.95
ORD-10780,2025-04-02,Customer 47,Corporate,North,Clothing,Jeans,2,80.49,0.2,128.78,28.63
ORD-12118,2025-04-03,Customer 778,Consumer,Central,Stationery,Backpack,4,38.5,0.15,130.9,29.28
ORD-11094,2025-04-03,Customer 840,Consumer,Central,Electronics,Tablet,3,427.3,0.0,1281.9,109.16
ORD-12978,2025-04-03,Customer 626,Consumer,West,Furniture,Office Chair,2,419.29,0.0,838.58,121.05
ORD-11489,2025-04-03,Customer 499,Home Office,West,Clothing,Jacket,2,33.09,0.2,52.94,2.93
ORD-10541,2025-04-03,Customer 460,Consumer,West,Clothing,Jacket,5,10.18,0.0,50.9,5.3
ORD-12844,2025-04-03,Customer 158,Consumer,South,Furniture,Office Chair,6,649.97,0.0,3899.82,1004.21
ORD-10672,2025-04-04,Customer 774,Consumer,South,Home & Kitchen,Air Fryer,4,74.83,0.0,299.32,101.56
ORD-10016,2025-04-04,Customer 130,Consumer,South,Electronics,Headphones,5,337.08,0.0,1685.4,381.39
ORD-11801,2025-04-04,Customer 203,Consumer,West,Electronics,Laptop,7,797.48,0.05,5303.24,1239.22
ORD-10191,2025-04-04,Customer 817,Corporate,Central,Stationery,Whiteboard,6,35.92,0.1,193.97,36.52
ORD-10987,2025-04-04,Customer 113,Consumer,Central,Electronics,Smartwatch,6,406.87,0.2,1952.98,341.25
ORD-10487,2025-04-04,Customer 182,Consumer,North,Clothing,Cap,5,16.11,0.0,80.55,7.4
ORD-10815,2025-04-05,Customer 862,Consumer,East,Clothing,Sneakers,6,57.98,0.1,313.09,55.5
ORD-12795,2025-04-06,Customer 661,Consumer,North,Clothing,Jeans,7,73.19,0.0,512.33,102.42
ORD-10899,2025-04-06,Customer 429,Corporate,North,Furniture,Bed Frame,6,290.68,0.0,1744.08,155.27
ORD-10761,2025-04-06,Customer 176,Corporate,South,Electronics,Laptop,3,644.32,0.0,1932.96,354.5
ORD-11547,2025-04-07,Customer 684,Consumer,South,Electronics,Headphones,5,172.14,0.0,860.7,214.81
ORD-10283,2025-04-07,Customer 317,Consumer,Central,Electronics,Tablet,6,211.79,0.0,1270.74,130.07
ORD-12462,2025-04-07,Customer 366,Consumer,North,Stationery,Whiteboard,6,16.07,0.05,91.6,14.91
ORD-10925,2025-04-07,Customer 768,Consumer,West,Stationery,Pen Set,5,14.9,0.15,63.32,15.53
ORD-12656,2025-04-07,Customer 659,Home Office,East,Home & Kitchen,Blender,4,105.38,0.0,421.52,50.23
ORD-12342,2025-04-07,Customer 478,Home Office,West,Clothing,Jacket,3,69.79,0.0,209.37,60.24
ORD-11432,2025-04-08,Customer 468,Consumer,North,Clothing,Sneakers,1,44.14,0.0,44.14,8.33
ORD-12564,2025-04-08,Customer 492,Corporate,East,Stationery,Desk Organizer,4,35.46,0.0,141.84,39.32
ORD-11350,2025-04-08,Customer 410,Home Office,East,Stationery,Desk Organizer,4,22.18,0.0,88.72,27.0
ORD-11846,2025-04-08,Customer 475,Corporate,West,Electronics,Smartphone,2,214.11,0.0,428.22,103.29
ORD-10030,2025-04-08,Customer 210,Home Office,North,Electronics,Smartwatch,4,729.33,0.0,2917.32,676.25
ORD-12191,2025-04-08,Customer 833,Corporate,North,Clothing,Sneakers,5,70.3,0.05,333.93,90.04
ORD-12009,2025-04-08,Customer 888,Consumer,East,Home & Kitchen,Air Fryer,3,40.5,0.05,115.42,26.85
ORD-11978,2025-04-09,Customer 840,Home Office,North,Clothing,T-Shirt,7,30.71,0.1,193.47,14.17
ORD-10989,2025-04-09,Customer 114,Consumer,North,Clothing,Cap,6,56.2,0.1,303.48,100.72
ORD-12244,2025-04-09,Customer 330,Home Office,South,Home & Kitchen,Vacuum Cleaner,1,105.1,0.05,99.84,10.73
ORD-10919,2025-04-09,Customer 543,Corporate,Central,Stationery,Whiteboard,1,24.59,0.0,24.59,1.67
ORD-11387,2025-04-09,Customer 430,Consumer,South,Electronics,Laptop,4,265.38,0.0,1061.52,122.36
ORD-11759,2025-04-09,Customer 814,Consumer,North,Clothing,T-Shirt,1,59.26,0.0,59.26,12.81
ORD-11926,2025-04-09,Customer 162,Corporate,East,Home & Kitchen,Vacuum Cleaner,5,29.27,0.0,146.35,37.81
ORD-12116,2025-04-09,Customer 894,Corporate,South,Clothing,Sneakers,4,25.51,0.0,102.04,5.42
ORD-11569,2025-04-09,Customer 668,Home Office,West,Home & Kitchen,Air Fryer,3,44.61,0.0,133.83,21.7
ORD-12908,2025-04-09,Customer 171,Corporate,North,Furniture,Desk,1,686.59,0.15,583.6,104.13
ORD-10122,2025-04-10,Customer 3,Consumer,North,Stationery,Whiteboard,6,26.64,0.2,127.87,12.17
ORD-11151,2025-04-10,Customer 441,Corporate,East,Clothing,Sneakers,6,58.84,0.0,353.04,91.99
ORD-12799,2025-04-10,Customer 334,Home Office,Central,Stationery,Pen Set,5,4.09,0.0,20.45,5.43
ORD-10007,2025-04-10,Customer 634,Corporate,North,Electronics,Headphones,4,618.47,0.1,2226.49,417.86
ORD-12414,2025-04-10,Customer 410,Home Office,West,Stationery,Pen Set,7,14.2,0.1,89.46,13.0
ORD-11410,2025-04-10,Customer 694,Consumer,Central,Home & Kitchen,Blender,7,148.87,0.0,1042.09,232.7
ORD-12897,2025-04-10,Customer 615,Home Office,East,Clothing,Jeans,5,69.85,0.0,349.25,21.07
ORD-12772,2025-04-11,Customer 363,Home Office,East,Furniture,Desk,1,606.38,0.0,606.38,204.39
ORD-11240,2025-04-11,Customer 326,Corporate,East,Electronics,Tablet,5,632.33,0.0,3161.65,165.54
ORD-11414,2025-04-12,Customer 764,Corporate,North,Stationery,Backpack,3,24.94,0.0,74.82,13.65
ORD-11564,2025-04-12,Customer 701,Consumer,East,Clothing,Jeans,7,66.83,0.1,421.03,55.09
ORD-10555,2025-04-12,Customer 599,Corporate,West,Clothing,Jacket,1,17.2,0.1,15.48,1.43
ORD-11912,2025-04-12,Customer 573,Corporate,East,Clothing,Jeans,5,36.0,0.0,180.0,16.23
ORD-12288,2025-04-12,Customer 251,Consumer,West,Clothing,Jacket,5,74.53,0.05,354.02,56.74
ORD-10344,2025-04-12,Customer 786,Consumer,West,Electronics,Smartphone,2,97.77,0.05,185.76,11.51
ORD-11552,2025-04-12,Customer 518,Corporate,South,Electronics,Smartwatch,7,312.99,0.15,1862.29,250.89
ORD-12144,2025-04-12,Customer 449,Home Office,North,Furniture,Bookshelf,3,367.06,0.0,1101.18,198.5
ORD-12240,2025-04-13,Customer 374,Corporate,West,Home & Kitchen,Vacuum Cleaner,7,65.34,0.0,457.38,60.88
ORD-11466,2025-04-13,Customer 161,Consumer,East,Electronics,Tablet,4,224.64,0.0,898.56,74.12
ORD-10880,2025-04-13,Customer 498,Corporate,North,Clothing,Jacket,5,31.67,0.0,158.35,45.73
ORD-11130,2025-04-13,Customer 325,Consumer,East,Stationery,Whiteboard,3,14.29,0.05,40.73,11.66
ORD-11412,2025-04-13,Customer 327,Consumer,Central,Electronics,Tablet,5,771.41,0.05,3664.2,830.94
ORD-12474,2025-04-13,Customer 825,Corporate,West,Stationery,Pen Set,5,3.97,0.05,18.86,3.22
ORD-10633,2025-04-13,Customer 44,Consumer,West,Home & Kitchen,Air Fryer,7,47.26,0.0,330.82,16.97
ORD-12078,2025-04-14,Customer 742,Home Office,North,Home & Kitchen,Blender,6,190.71,0.0,1144.26,110.08
ORD-12283,2025-04-14,Customer 741,Home Office,West,Electronics,Smartwatch,5,572.02,0.0,2860.1,449.23
ORD-11977,2025-04-14,Customer 221,Home Office,Central,Stationery,Pen Set,1,9.7,0.0,9.7,0.89
ORD-10726,2025-04-15,Customer 225,Consumer,North,Stationery,Desk Organizer,5,14.45,0.0,72.25,15.59
ORD-11712,2025-04-15,Customer 343,Corporate,West,Electronics,Smartphone,7,364.78,0.0,2553.46,338.21
ORD-10771,2025-04-15,Customer 868,Corporate,West,Home & Kitchen,Blender,4,66.59,0.0,266.36,53.24
ORD-11517,2025-04-15,Customer 653,Consumer,West,Clothing,Sneakers,7,84.79,0.0,593.53,66.51
ORD-12439,2025-04-16,Customer 535,Home Office,Central,Electronics,Headphones,4,758.32,0.0,3033.28,716.89
ORD-11379,2025-04-16,Customer 862,Consumer,North,Electronics,Smartwatch,2,328.61,0.0,657.22,45.19
ORD-12232,2025-04-16,Customer 422,Consumer,South,Electronics,Smartwatch,2,98.19,0.0,196.38,20.35
ORD-12816,2025-04-16,Customer 31,Corporate,Central,Clothing,T-Shirt,4,80.28,0.0,321.12,27.51
ORD-12064,2025-04-17,Customer 53,Consumer,Central,Clothing,T-Shirt,3,55.86,0.0,167.58,55.89
ORD-11413,2025-04-17,Customer 519,Consumer,South,Clothing,Jacket,4,78.81,0.0,315.24,82.3
ORD-10219,2025-04-17,Customer 620,Consumer,North,Home & Kitchen,Lamp,4,55.08,0.15,187.27,20.94
ORD-10850,2025-04-17,Customer 537,Consumer,South,Home & Kitchen,Blender,3,116.48,0.0,349.44,98.6
ORD-12047,2025-04-18,Customer 478,Home Office,North,Stationery,Desk Organizer,5,6.84,0.05,32.49,6.45
ORD-12894,2025-04-18,Customer 633,Corporate,North,Furniture,Bed Frame,4,248.67,0.0,994.68,304.84
ORD-11894,2025-04-19,Customer 91,Corporate,North,Electronics,Smartphone,1,165.81,0.1,149.23,12.76
ORD-11730,2025-04-19,Customer 456,Consumer,East,Stationery,Backpack,3,32.32,0.0,96.96,23.57
ORD-12530,2025-04-19,Customer 891,Home Office,East,Furniture,Desk,7,605.12,0.2,3388.67,484.11
ORD-11990,2025-04-20,Customer 598,Home Office,Central,Electronics,Tablet,3,294.75,0.0,884.25,261.06
ORD-11201,2025-04-20,Customer 360,Consumer,Central,Electronics,Headphones,5,64.47,0.15,274.0,76.08
ORD-11827,2025-04-20,Customer 812,Home Office,South,Electronics,Laptop,5,139.98,0.0,699.9,144.65
ORD-10116,2025-04-20,Customer 787,Corporate,East,Furniture,Bookshelf,5,607.83,0.0,3039.15,635.96
ORD-10993,2025-04-21,Customer 524,Consumer,Central,Home & Kitchen,Cookware Set,2,188.48,0.0,376.96,63.76
ORD-10482,2025-04-21,Customer 237,Consumer,East,Clothing,Jeans,1,49.77,0.0,49.77,12.18
ORD-10048,2025-04-21,Customer 573,Consumer,West,Stationery,Desk Organizer,7,34.47,0.0,241.29,54.65
ORD-11217,2025-04-21,Customer 733,Consumer,West,Clothing,Jacket,3,89.55,0.0,268.65,68.26
ORD-11189,2025-04-21,Customer 657,Home Office,South,Electronics,Laptop,1,66.68,0.2,53.34,5.38
ORD-10178,2025-04-21,Customer 394,Consumer,Central,Furniture,Bed Frame,3,220.08,0.15,561.2,86.75
ORD-10256,2025-04-22,Customer 309,Consumer,Central,Clothing,Jacket,4,82.01,0.0,328.04,65.08
ORD-12106,2025-04-22,Customer 698,Home Office,Central,Electronics,Tablet,3,671.93,0.1,1814.21,366.78
ORD-11549,2025-04-23,Customer 627,Consumer,West,Electronics,Laptop,5,116.98,0.0,584.9,185.7
ORD-10928,2025-04-23,Customer 145,Consumer,North,Furniture,Office Chair,4,605.1,0.1,2178.36,471.26
ORD-10643,2025-04-23,Customer 542,Corporate,South,Home & Kitchen,Blender,7,177.03,0.0,1239.21,220.57
ORD-10495,2025-04-24,Customer 678,Home Office,Central,Furniture,Desk,4,354.28,0.0,1417.12,463.96
ORD-12660,2025-04-24,Customer 614,Home Office,South,Electronics,Tablet,7,861.73,0.0,6032.11,1285.6
ORD-12963,2025-04-25,Customer 826,Consumer,Central,Stationery,Whiteboard,4,8.85,0.0,35.4,6.87
ORD-10377,2025-04-25,Customer 103,Consumer,West,Clothing,Jacket,2,27.76,0.05,52.74,14.99
ORD-11386,2025-04-25,Customer 865,Consumer,South,Home & Kitchen,Blender,7,168.55,0.0,1179.85,397.55
ORD-10135,2025-04-25,Customer 717,Consumer,Central,Electronics,Tablet,4,342.35,0.1,1232.46,112.77
ORD-11131,2025-04-26,Customer 337,Consumer,South,Clothing,Cap,7,30.24,0.0,211.68,40.48
ORD-12612,2025-04-26,Customer 448,Home Office,Central,Stationery,Desk Organizer,4,21.91,0.1,78.88,10.65
ORD-10767,2025-04-26,Customer 721,Home Office,West,Clothing,T-Shirt,2,15.97,0.0,31.94,1.87
ORD-12328,2025-04-26,Customer 201,Consumer,East,Clothing,T-Shirt,7,24.53,0.1,154.54,29.26
ORD-10903,2025-04-27,Customer 321,Consumer,North,Stationery,Notebook,4,15.97,0.0,63.88,21.3
ORD-12869,2025-04-27,Customer 627,Home Office,West,Electronics,Headphones,4,514.32,0.0,2057.28,158.11
ORD-12630,2025-04-28,Customer 536,Consumer,West,Home & Kitchen,Blender,2,62.14,0.0,124.28,33.08
ORD-10832,2025-04-28,Customer 500,Corporate,West,Clothing,Jeans,1,25.2,0.0,25.2,4.34
ORD-11108,2025-04-28,Customer 752,Home Office,North,Clothing,Jacket,2,72.94,0.15,124.0,24.88
ORD-11881,2025-04-28,Customer 318,Home Office,West,Furniture,Desk,2,102.61,0.1,184.7,24.42
ORD-10952,2025-04-29,Customer 201,Consumer,West,Home & Kitchen,Cookware Set,7,108.41,0.0,758.87,257.67
ORD-12577,2025-04-29,Customer 202,Consumer,East,Electronics,Laptop,6,506.6,0.1,2735.64,642.51
ORD-12010,2025-04-29,Customer 114,Consumer,West,Electronics,Laptop,2,164.75,0.0,329.5,91.2
ORD-12299,2025-04-30,Customer 267,Consumer,East,Stationery,Pen Set,6,5.05,0.0,30.3,7.84
ORD-12681,2025-04-30,Customer 720,Home Office,West,Electronics,Tablet,7,845.69,0.0,5919.83,627.0
ORD-12504,2025-04-30,Customer 820,Consumer,North,Furniture,Bookshelf,6,510.02,0.05,2907.11,824.26
ORD-10667,2025-04-30,Customer 838,Corporate,North,Clothing,Jeans,7,23.96,0.0,167.72,17.35
ORD-12079,2025-04-30,Customer 511,Consumer,East,Clothing,T-Shirt,5,47.19,0.05,224.15,39.06
ORD-10979,2025-04-30,Customer 698,Consumer,East,Stationery,Desk Organizer,6,3.96,0.05,22.57,4.82
ORD-11314,2025-05-01,Customer 695,Consumer,Central,Home & Kitchen,Cookware Set,6,166.43,0.0,998.58,198.76
ORD-10051,2025-05-01,Customer 27,Consumer,West,Clothing,Cap,7,81.76,0.0,572.32,53.17
ORD-10020,2025-05-01,Customer 97,Corporate,South,Clothing,Sneakers,3,71.49,0.15,182.3,16.71
ORD-10510,2025-05-01,Customer 224,Consumer,South,Stationery,Backpack,1,26.63,0.0,26.63,4.56
ORD-11604,2025-05-01,Customer 95,Consumer,South,Electronics,Headphones,4,114.2,0.1,411.12,87.61
ORD-10861,2025-05-01,Customer 112,Consumer,Central,Electronics,Smartwatch,4,236.33,0.0,945.32,224.77
ORD-10547,2025-05-02,Customer 212,Corporate,North,Electronics,Headphones,7,893.19,0.15,5314.48,704.93
ORD-11435,2025-05-02,Customer 340,Consumer,West,Home & Kitchen,Vacuum Cleaner,6,173.72,0.2,833.86,66.25
ORD-12088,2025-05-02,Customer 510,Consumer,East,Stationery,Backpack,6,32.92,0.15,167.89,18.12
ORD-12898,2025-05-02,Customer 199,Corporate,West,Home & Kitchen,Vacuum Cleaner,5,70.57,0.0,352.85,92.04
ORD-11858,2025-05-03,Customer 737,Consumer,West,Stationery,Whiteboard,7,4.46,0.0,31.22,3.21
ORD-12575,2025-05-03,Customer 81,Corporate,West,Electronics,Tablet,6,605.75,0.0,3634.5,1000.36
ORD-11357,2025-05-04,Customer 734,Consumer,South,Home & Kitchen,Vacuum Cleaner,7,22.97,0.0,160.79,40.47
ORD-11220,2025-05-04,Customer 638,Corporate,Central,Furniture,Office Chair,4,148.65,0.1,535.14,43.66
ORD-12929,2025-05-04,Customer 455,Consumer,South,Clothing,Jeans,3,74.72,0.0,224.16,35.63
ORD-11535,2025-05-05,Customer 843,Corporate,East,Furniture,Desk,4,393.5,0.0,1574.0,117.65
ORD-11704,2025-05-05,Customer 635,Consumer,West,Clothing,Cap,2,35.97,0.0,71.94,21.9
ORD-10088,2025-05-05,Customer 587,Corporate,West,Electronics,Tablet,3,145.59,0.2,349.42,66.22
ORD-10299,2025-05-05,Customer 433,Consumer,Central,Electronics,Smartwatch,3,513.13,0.0,1539.39,99.63
ORD-10920,2025-05-05,Customer 327,Home Office,West,Clothing,Sneakers,7,63.79,0.0,446.53,30.25
ORD-12477,2025-05-05,Customer 895,Corporate,West,Furniture,Sofa,3,361.82,0.1,976.91,203.0
ORD-11665,2025-05-06,Customer 553,Home Office,South,Furniture,Bed Frame,2,381.74,0.05,725.31,225.88
ORD-12670,2025-05-06,Customer 716,Corporate,North,Clothing,Sneakers,3,37.15,0.0,111.45,31.57
ORD-10447,2025-05-06,Customer 268,Consumer,South,Furniture,Sofa,6,612.69,0.0,3676.14,524.86
ORD-10163,2025-05-06,Customer 867,Corporate,West,Clothing,T-Shirt,1,87.23,0.1,78.51,8.34
ORD-11839,2025-05-06,Customer 161,Home Office,West,Clothing,Jeans,5,47.91,0.0,239.55,72.78
ORD-12077,2025-05-07,Customer 803,Corporate,North,Clothing,Jacket,2,87.51,0.0,175.02,60.23
ORD-12245,2025-05-07,Customer 106,Corporate,West,Furniture,Bookshelf,5,535.84,0.0,2679.2,460.53
ORD-12585,2025-05-07,Customer 416,Corporate,South,Clothing,Jeans,6,27.35,0.0,164.1,20.01
ORD-12777,2025-05-07,Customer 434,Corporate,East,Home & Kitchen,Vacuum Cleaner,4,93.38,0.0,373.52,77.11
ORD-11920,2025-05-07,Customer 680,Corporate,North,Clothing,T-Shirt,5,80.75,0.2,323.0,12.78
ORD-11327,2025-05-07,Customer 379,Corporate,North,Home & Kitchen,Air Fryer,2,98.74,0.0,197.48,52.8
ORD-12494,2025-05-08,Customer 264,Consumer,North,Electronics,Smartwatch,7,627.13,0.15,3731.42,1056.0
ORD-10399,2025-05-08,Customer 39,Consumer,West,Electronics,Headphones,2,534.87,0.0,1069.74,276.89
ORD-10625,2025-05-08,Customer 259,Consumer,West,Home & Kitchen,Blender,6,45.47,0.0,272.82,82.12
ORD-12775,2025-05-08,Customer 783,Consumer,East,Home & Kitchen,Air Fryer,3,25.3,0.0,75.9,22.2
ORD-10082,2025-05-08,Customer 367,Home Office,West,Home & Kitchen,Cookware Set,6,69.83,0.0,418.98,93.21
ORD-12669,2025-05-08,Customer 702,Corporate,North,Furniture,Sofa,1,533.51,0.0,533.51,61.37
ORD-10960,2025-05-08,Customer 633,Consumer,South,Clothing,T-Shirt,1,27.2,0.0,27.2,8.21
ORD-12922,2025-05-08,Customer 885,Home Office,North,Furniture,Bed Frame,5,467.93,0.05,2222.67,594.06
ORD-10198,2025-05-09,Customer 467,Consumer,East,Stationery,Notebook,7,10.7,0.1,67.41,5.17
ORD-11291,2025-05-09,Customer 827,Consumer,North,Stationery,Desk Organizer,5,31.46,0.0,157.3,11.31
ORD-11198,2025-05-09,Customer 173,Consumer,South,Electronics,Tablet,4,97.76,0.0,391.04,21.62
ORD-12390,2025-05-09,Customer 436,Home Office,East,Electronics,Tablet,4,82.78,0.1,298.01,83.99
ORD-11381,2025-05-10,Customer 391,Home Office,Central,Furniture,Office Chair,7,657.55,0.0,4602.85,1382.95
ORD-10732,2025-05-10,Customer 485,Corporate,South,Electronics,Smartwatch,1,480.73,0.1,432.66,65.32
ORD-10004,2025-05-10,Customer 615,Consumer,North,Clothing,Sneakers,6,22.34,0.05,127.34,43.33
ORD-12992,2025-05-10,Customer 81,Home Office,North,Electronics,Smartphone,3,472.8,0.05,1347.48,97.36
ORD-11613,2025-05-11,Customer 69,Consumer,East,Furniture,Office Chair,5,138.7,0.05,658.82,88.71
ORD-12864,2025-05-11,Customer 19,Consumer,West,Clothing,Jeans,6,70.35,0.0,422.1,89.24
ORD-11947,2025-05-11,Customer 734,Home Office,South,Clothing,Sneakers,3,14.73,0.0,44.19,4.24
ORD-10546,2025-05-12,Customer 373,Home Office,East,Electronics,Headphones,5,413.57,0.0,2067.85,704.74
ORD-10570,2025-05-12,Customer 517,Home Office,South,Stationery,Notebook,7,6.97,0.0,48.79,12.48
ORD-11348,2025-05-12,Customer 841,Corporate,South,Electronics,Laptop,3,421.87,0.2,1012.49,278.79
ORD-10957,2025-05-12,Customer 889,Consumer,West,Clothing,Jeans,4,30.25,0.0,121.0,34.74
ORD-12281,2025-05-12,Customer 162,Corporate,West,Home & Kitchen,Air Fryer,3,198.78,0.0,596.34,155.79
ORD-10997,2025-05-12,Customer 743,Consumer,West,Clothing,Jacket,1,26.51,0.0,26.51,5.4
ORD-12752,2025-05-13,Customer 427,Consumer,North,Home & Kitchen,Vacuum Cleaner,4,133.37,0.0,533.48,105.48
ORD-10976,2025-05-13,Customer 359,Home Office,West,Stationery,Desk Organizer,5,19.43,0.15,82.58,22.09
ORD-11145,2025-05-13,Customer 545,Home Office,West,Furniture,Sofa,4,482.2,0.0,1928.8,258.07
ORD-10383,2025-05-14,Customer 384,Corporate,East,Electronics,Headphones,1,852.92,0.15,724.98,52.63
ORD-12618,2025-05-14,Customer 727,Consumer,South,Electronics,Smartwatch,2,274.29,0.05,521.15,156.64
ORD-12453,2025-05-14,Customer 300,Consumer,East,Clothing,Sneakers,2,21.65,0.15,36.8,-2.03
ORD-10734,2025-05-14,Customer 734,Consumer,Central,Clothing,Cap,7,56.45,0.1,355.64,105.15
ORD-11956,2025-05-14,Customer 414,Corporate,North,Home & Kitchen,Cookware Set,6,26.93,0.0,161.58,54.99
ORD-11594,2025-05-14,Customer 6,Consumer,South,Clothing,T-Shirt,3,37.97,0.0,113.91,9.77
ORD-11030,2025-05-14,Customer 80,Corporate,West,Clothing,Sneakers,3,33.55,0.1,90.58,30.16
ORD-10746,2025-05-14,Customer 337,Corporate,North,Clothing,T-Shirt,6,87.8,0.0,526.8,111.29
ORD-12139,2025-05-14,Customer 362,Corporate,West,Clothing,Sneakers,4,58.53,0.0,234.12,22.92
ORD-11226,2025-05-14,Customer 117,Home Office,South,Furniture,Office Chair,1,213.03,0.15,181.08,12.85
ORD-11952,2025-05-15,Customer 586,Home Office,South,Clothing,Jeans,2,67.54,0.0,135.08,11.8
ORD-10706,2025-05-15,Customer 721,Consumer,South,Clothing,Jeans,6,69.7,0.15,355.47,38.67
ORD-12374,2025-05-15,Customer 408,Consumer,South,Furniture,Desk,2,367.56,0.0,735.12,191.81
ORD-10247,2025-05-16,Customer 224,Consumer,South,Clothing,Sneakers,4,11.1,0.0,44.4,7.47
ORD-12891,2025-05-16,Customer 761,Consumer,West,Stationery,Whiteboard,7,35.74,0.1,225.16,61.28
ORD-11056,2025-05-17,Customer 778,Home Office,North,Furniture,Desk,6,334.91,0.0,2009.46,412.13
ORD-11791,2025-05-17,Customer 286,Corporate,North,Clothing,Cap,2,54.61,0.15,92.84,17.54
ORD-11334,2025-05-17,Customer 22,Consumer,East,Furniture,Bookshelf,5,500.06,0.1,2250.27,739.77
ORD-12782,2025-05-17,Customer 447,Corporate,East,Furniture,Desk,1,186.41,0.2,149.13,26.25
ORD-12561,2025-05-17,Customer 5,Consumer,North,Electronics,Tablet,5,560.92,0.0,2804.6,458.69
ORD-10488,2025-05-17,Customer 211,Consumer,West,Electronics,Laptop,2,548.25,0.0,1096.5,78.46
ORD-12739,2025-05-18,Customer 253,Consumer,Central,Electronics,Laptop,5,458.64,0.0,2293.2,554.04
ORD-11281,2025-05-18,Customer 358,Corporate,South,Clothing,Jacket,2,76.8,0.0,153.6,29.98
ORD-11809,2025-05-18,Customer 799,Consumer,West,Electronics,Laptop,1,785.54,0.0,785.54,170.77
ORD-10073,2025-05-19,Customer 633,Consumer,South,Clothing,Jeans,2,32.24,0.0,64.48,22.22
ORD-12084,2025-05-19,Customer 755,Consumer,North,Stationery,Notebook,4,24.55,0.05,93.29,5.97
ORD-12282,2025-05-20,Customer 128,Consumer,West,Furniture,Desk,3,633.81,0.0,1901.43,476.03
ORD-10280,2025-05-20,Customer 874,Consumer,Central,Home & Kitchen,Blender,2,69.08,0.05,131.25,30.6
ORD-12560,2025-05-20,Customer 713,Corporate,West,Electronics,Smartphone,7,450.45,0.0,3153.15,489.76
ORD-12597,2025-05-20,Customer 565,Consumer,West,Electronics,Headphones,2,86.39,0.05,164.14,19.56
ORD-10384,2025-05-20,Customer 699,Home Office,West,Home & Kitchen,Blender,1,25.51,0.0,25.51,3.6
ORD-12727,2025-05-20,Customer 744,Home Office,North,Electronics,Smartphone,5,348.32,0.0,1741.6,600.06
ORD-12653,2025-05-20,Customer 395,Consumer,West,Electronics,Laptop,1,359.21,0.0,359.21,33.13
ORD-11500,2025-05-20,Customer 649,Consumer,South,Clothing,Sneakers,3,26.17,0.0,78.51,15.87
ORD-10983,2025-05-20,Customer 387,Consumer,East,Furniture,Desk,6,616.98,0.0,3701.88,277.83
ORD-11311,2025-05-21,Customer 156,Consumer,East,Home & Kitchen,Cookware Set,1,119.32,0.0,119.32,7.21
ORD-11177,2025-05-21,Customer 854,Consumer,East,Home & Kitchen,Blender,3,150.51,0.05,428.95,122.43
ORD-11553,2025-05-21,Customer 486,Corporate,West,Home & Kitchen,Vacuum Cleaner,7,157.93,0.0,1105.51,293.7
ORD-10572,2025-05-21,Customer 594,Consumer,North,Furniture,Desk,1,254.37,0.0,254.37,21.22
ORD-10794,2025-05-22,Customer 799,Corporate,East,Stationery,Whiteboard,6,39.04,0.0,234.24,58.03
ORD-11765,2025-05-22,Customer 113,Consumer,Central,Electronics,Laptop,4,151.26,0.0,605.04,157.25
ORD-10718,2025-05-22,Customer 116,Home Office,West,Furniture,Sofa,1,523.64,0.0,523.64,126.27
ORD-11278,2025-05-22,Customer 428,Consumer,Central,Electronics,Headphones,4,290.88,0.15,988.99,278.86
ORD-11762,2025-05-23,Customer 808,Consumer,North,Home & Kitchen,Blender,6,66.84,0.05,380.99,125.28
ORD-12787,2025-05-23,Customer 321,Home Office,West,Stationery,Backpack,3,21.31,0.05,60.73,17.92
ORD-12969,2025-05-23,Customer 210,Home Office,West,Clothing,Jeans,1,55.4,0.0,55.4,14.99
ORD-11071,2025-05-24,Customer 373,Corporate,Central,Home & Kitchen,Air Fryer,4,148.7,0.1,535.32,159.91
ORD-10955,2025-05-24,Customer 850,Corporate,South,Home & Kitchen,Vacuum Cleaner,3,77.79,0.0,233.37,20.98
ORD-12145,2025-05-24,Customer 329,Home Office,South,Stationery,Desk Organizer,2,18.58,0.05,35.3,9.76
ORD-10948,2025-05-24,Customer 771,Consumer,East,Clothing,Jeans,4,74.95,0.0,299.8,96.19
ORD-10287,2025-05-24,Customer 776,Corporate,West,Furniture,Office Chair,7,121.17,0.1,763.37,58.53
ORD-11958,2025-05-25,Customer 863,Consumer,South,Electronics,Smartwatch,7,145.47,0.1,916.46,113.17
ORD-11587,2025-05-25,Customer 31,Home Office,North,Furniture,Desk,6,603.46,0.0,3620.76,908.67
ORD-12588,2025-05-25,Customer 852,Home Office,Central,Electronics,Headphones,6,431.68,0.15,2201.57,373.41
ORD-10410,2025-05-25,Customer 354,Corporate,West,Home & Kitchen,Vacuum Cleaner,3,158.16,0.0,474.48,40.25
ORD-12574,2025-05-26,Customer 499,Consumer,West,Clothing,T-Shirt,4,69.99,0.1,251.96,68.82
ORD-10136,2025-05-26,Customer 139,Home Office,North,Furniture,Sofa,7,199.41,0.0,1395.87,329.29
ORD-12834,2025-05-26,Customer 392,Corporate,North,Furniture,Bed Frame,5,487.86,0.0,2439.3,814.56
ORD-10909,2025-05-26,Customer 539,Home Office,West,Electronics,Laptop,3,195.68,0.15,498.98,144.57
ORD-10146,2025-05-26,Customer 787,Consumer,North,Clothing,Cap,2,41.43,0.2,66.29,15.67
ORD-10887,2025-05-27,Customer 481,Corporate,Central,Electronics,Tablet,5,564.8,0.0,2824.0,864.21
ORD-12072,2025-05-27,Customer 306,Home Office,North,Electronics,Smartphone,2,145.97,0.0,291.94,68.32
ORD-12317,2025-05-27,Customer 330,Corporate,North,Stationery,Notebook,1,30.78,0.15,26.16,0.88
ORD-11456,2025-05-27,Customer 411,Consumer,South,Stationery,Pen Set,3,18.66,0.0,55.98,7.48
ORD-10608,2025-05-27,Customer 334,Consumer,East,Furniture,Office Chair,1,85.73,0.0,85.73,5.09
ORD-10849,2025-05-27,Customer 636,Corporate,West,Clothing,Jacket,1,61.52,0.15,52.29,6.45
ORD-12353,2025-05-28,Customer 542,Consumer,South,Electronics,Tablet,1,350.93,0.0,350.93,78.57
ORD-11036,2025-05-28,Customer 588,Corporate,Central,Clothing,Jeans,2,77.49,0.0,154.98,25.87
ORD-11224,2025-05-28,Customer 287,Home Office,North,Furniture,Desk,4,192.26,0.05,730.59,148.13
ORD-10967,2025-05-28,Customer 557,Home Office,Central,Home & Kitchen,Air Fryer,3,49.7,0.1,134.19,27.2
ORD-11501,2025-05-28,Customer 251,Home Office,North,Electronics,Headphones,7,207.96,0.0,1455.72,394.01
ORD-11024,2025-05-28,Customer 108,Corporate,East,Furniture,Bed Frame,7,688.47,0.05,4578.33,688.11
ORD-12579,2025-05-29,Customer 146,Corporate,East,Furniture,Bookshelf,6,89.04,0.0,534.24,128.54
ORD-12923,2025-05-29,Customer 894,Corporate,South,Clothing,T-Shirt,2,71.01,0.0,142.02,25.35
ORD-12065,2025-05-29,Customer 603,Corporate,East,Stationery,Whiteboard,7,5.11,0.0,35.77,5.09
ORD-10854,2025-05-29,Customer 177,Consumer,Central,Clothing,Jacket,7,75.66,0.1,476.66,124.67
ORD-12552,2025-05-29,Customer 600,Consumer,South,Clothing,T-Shirt,5,64.8,0.0,324.0,31.54
ORD-12111,2025-05-29,Customer 781,Home Office,North,Furniture,Office Chair,2,473.25,0.2,757.2,78.87
ORD-12557,2025-05-30,Customer 328,Consumer,West,Furniture,Office Chair,7,280.26,0.05,1863.73,426.14
ORD-11352,2025-05-30,Customer 286,Home Office,North,Furniture,Desk,3,339.66,0.05,968.03,111.01
ORD-12658,2025-05-30,Customer 523,Corporate,North,Home & Kitchen,Lamp,3,165.76,0.0,497.28,139.89
ORD-12521,2025-05-31,Customer 391,Corporate,East,Furniture,Office Chair,6,695.96,0.0,4175.76,1360.35
ORD-12228,2025-05-31,Customer 28,Home Office,South,Home & Kitchen,Blender,2,26.39,0.0,52.78,14.77
ORD-11343,2025-05-31,Customer 245,Corporate,North,Clothing,Jeans,7,37.03,0.0,259.21,23.81
ORD-12648,2025-05-31,Customer 104,Corporate,South,Stationery,Backpack,5,7.33,0.0,36.65,10.42
ORD-11416,2025-05-31,Customer 197,Consumer,Central,Home & Kitchen,Cookware Set,7,76.82,0.05,510.85,110.64
ORD-11280,2025-05-31,Customer 346,Consumer,North,Home & Kitchen,Air Fryer,1,174.5,0.0,174.5,33.22
ORD-12882,2025-05-31,Customer 862,Home Office,North,Electronics,Smartwatch,3,672.62,0.0,2017.86,577.9
ORD-10758,2025-06-01,Customer 437,Consumer,West,Home & Kitchen,Air Fryer,4,51.05,0.0,204.2,35.67
ORD-11545,2025-06-01,Customer 600,Consumer,West,Stationery,Pen Set,5,6.6,0.0,33.0,9.44
ORD-12823,2025-06-01,Customer 115,Consumer,South,Clothing,Cap,4,46.02,0.1,165.67,27.69
ORD-12175,2025-06-01,Customer 522,Home Office,West,Electronics,Laptop,2,286.52,0.0,573.04,40.24
ORD-10654,2025-06-02,Customer 599,Corporate,South,Electronics,Laptop,1,688.94,0.0,688.94,223.19
ORD-12866,2025-06-02,Customer 813,Consumer,South,Home & Kitchen,Cookware Set,3,129.08,0.1,348.52,71.31
ORD-10279,2025-06-02,Customer 305,Consumer,Central,Clothing,Jacket,7,25.05,0.05,166.58,18.54
ORD-10034,2025-06-02,Customer 354,Corporate,North,Electronics,Headphones,6,631.8,0.0,3790.8,763.31
ORD-12837,2025-06-02,Customer 460,Corporate,West,Furniture,Office Chair,5,552.14,0.0,2760.7,899.94
ORD-12335,2025-06-02,Customer 394,Consumer,Central,Stationery,Desk Organizer,5,3.13,0.05,14.87,1.07
ORD-11447,2025-06-03,Customer 114,Consumer,East,Electronics,Smartphone,1,135.47,0.0,135.47,30.35
ORD-12444,2025-06-04,Customer 202,Home Office,West,Electronics,Tablet,7,862.87,0.0,6040.09,1512.63
ORD-10360,2025-06-04,Customer 733,Home Office,South,Electronics,Headphones,1,246.89,0.0,246.89,33.35
ORD-12903,2025-06-04,Customer 315,Corporate,North,Stationery,Pen Set,3,31.35,0.0,94.05,31.0
ORD-12705,2025-06-05,Customer 877,Corporate,South,Home & Kitchen,Lamp,4,67.97,0.15,231.1,14.33
ORD-12687,2025-06-05,Customer 337,Home Office,North,Home & Kitchen,Vacuum Cleaner,2,115.02,0.1,207.04,22.34
ORD-12345,2025-06-05,Customer 105,Corporate,Central,Stationery,Whiteboard,7,32.33,0.0,226.31,47.43
ORD-11834,2025-06-05,Customer 133,Home Office,South,Clothing,Cap,1,82.83,0.0,82.83,12.76
ORD-12017,2025-06-05,Customer 852,Consumer,West,Clothing,Cap,3,87.62,0.0,262.86,90.73
ORD-10255,2025-06-06,Customer 314,Consumer,North,Home & Kitchen,Air Fryer,3,80.72,0.05,230.05,43.7
ORD-12951,2025-06-07,Customer 368,Consumer,Central,Furniture,Sofa,7,418.4,0.05,2782.36,587.3
ORD-11483,2025-06-07,Customer 852,Corporate,South,Furniture,Office Chair,5,203.52,0.2,814.08,235.7
ORD-11013,2025-06-07,Customer 833,Consumer,South,Furniture,Sofa,6,543.47,0.0,3260.82,625.26
ORD-12271,2025-06-08,Customer 370,Consumer,West,Electronics,Tablet,4,693.89,0.05,2636.78,376.62
ORD-10131,2025-06-08,Customer 787,Consumer,South,Home & Kitchen,Lamp,5,89.01,0.0,445.05,81.53
ORD-12847,2025-06-08,Customer 101,Consumer,South,Stationery,Desk Organizer,4,25.91,0.05,98.46,15.67
ORD-10372,2025-06-08,Customer 831,Corporate,North,Electronics,Smartwatch,2,378.96,0.05,720.02,132.64
ORD-11214,2025-06-08,Customer 714,Corporate,North,Stationery,Notebook,2,4.24,0.0,8.48,0.62
ORD-12352,2025-06-09,Customer 818,Consumer,South,Stationery,Whiteboard,1,22.35,0.15,19.0,-0.08
ORD-12290,2025-06-09,Customer 37,Consumer,Central,Home & Kitchen,Cookware Set,2,98.26,0.0,196.52,44.95
ORD-12187,2025-06-09,Customer 65,Consumer,South,Clothing,Cap,1,17.56,0.15,14.93,-3.57
ORD-11983,2025-06-10,Customer 1,Consumer,East,Stationery,Backpack,3,26.5,0.05,75.52,15.16
ORD-11465,2025-06-10,Customer 67,Consumer,Central,Furniture,Desk,2,228.99,0.0,457.98,57.28
ORD-10117,2025-06-10,Customer 699,Home Office,South,Electronics,Smartphone,1,805.91,0.0,805.91,158.91
ORD-10101,2025-06-11,Customer 17,Corporate,East,Furniture,Office Chair,2,598.47,0.0,1196.94,142.9
ORD-11546,2025-06-11,Customer 254,Corporate,East,Clothing,Jeans,5,35.9,0.0,179.5,57.17
ORD-12554,2025-06-11,Customer 101,Corporate,North,Furniture,Office Chair,7,151.38,0.0,1059.66,138.76
ORD-11364,2025-06-11,Customer 208,Consumer,North,Home & Kitchen,Blender,3,42.07,0.05,119.9,13.2
ORD-10069,2025-06-12,Customer 584,Home Office,North,Furniture,Bookshelf,4,475.3,0.05,1806.14,503.68
ORD-10918,2025-06-12,Customer 170,Corporate,West,Electronics,Laptop,5,675.21,0.0,3376.05,708.16
ORD-12767,2025-06-12,Customer 564,Corporate,Central,Clothing,T-Shirt,2,72.35,0.0,144.7,34.48
ORD-11293,2025-06-12,Customer 381,Corporate,South,Stationery,Desk Organizer,5,22.04,0.0,110.2,32.55
ORD-10241,2025-06-12,Customer 158,Corporate,South,Stationery,Backpack,7,16.65,0.0,116.55,22.05
ORD-11323,2025-06-13,Customer 654,Consumer,West,Electronics,Smartphone,1,685.2,0.0,685.2,107.24
ORD-11675,2025-06-13,Customer 100,Consumer,South,Furniture,Desk,1,506.76,0.0,506.76,54.27
ORD-10620,2025-06-13,Customer 561,Home Office,South,Electronics,Headphones,7,490.88,0.0,3436.16,456.58
ORD-11288,2025-06-13,Customer 59,Corporate,West,Electronics,Tablet,7,644.32,0.0,4510.24,1195.77
ORD-11242,2025-06-13,Customer 316,Consumer,East,Stationery,Whiteboard,4,15.59,0.0,62.36,12.24
ORD-10175,2025-06-13,Customer 32,Home Office,West,Clothing,T-Shirt,1,58.98,0.0,58.98,6.59
ORD-12301,2025-06-13,Customer 189,Home Office,North,Furniture,Bed Frame,1,309.74,0.0,309.74,29.33
ORD-11619,2025-06-13,Customer 100,Corporate,West,Clothing,Jeans,5,26.54,0.05,126.06,15.23
ORD-11452,2025-06-14,Customer 35,Consumer,South,Home & Kitchen,Vacuum Cleaner,7,55.08,0.0,385.56,98.92
ORD-12757,2025-06-14,Customer 238,Corporate,East,Electronics,Smartwatch,4,454.05,0.0,1816.2,177.95
ORD-11511,2025-06-15,Customer 386,Corporate,East,Clothing,Cap,5,27.2,0.15,115.6,9.04
ORD-11102,2025-06-15,Customer 635,Consumer,South,Clothing,Cap,6,10.71,0.0,64.26,13.77
ORD-12815,2025-06-15,Customer 7,Consumer,South,Clothing,Jacket,5,73.8,0.1,332.1,55.8
ORD-12745,2025-06-15,Customer 380,Consumer,North,Electronics,Tablet,1,569.21,0.0,569.21,118.68
ORD-11179,2025-06-15,Customer 549,Corporate,West,Electronics,Smartphone,5,739.3,0.0,3696.5,987.82
ORD-10972,2025-06-16,Customer 839,Corporate,West,Clothing,Jacket,6,30.07,0.0,180.42,24.55
ORD-12773,2025-06-16,Customer 143,Consumer,Central,Home & Kitchen,Vacuum Cleaner,7,57.38,0.1,361.49,51.35
ORD-11006,2025-06-16,Customer 705,Home Office,East,Clothing,Cap,7,34.85,0.0,243.95,79.59
ORD-10533,2025-06-16,Customer 47,Consumer,West,Electronics,Laptop,5,611.0,0.15,2596.75,663.58
ORD-12812,2025-06-16,Customer 401,Consumer,East,Clothing,Jacket,6,11.47,0.0,68.82,11.8
ORD-11138,2025-06-16,Customer 221,Corporate,West,Electronics,Tablet,1,369.46,0.0,369.46,19.96
ORD-10589,2025-06-17,Customer 457,Corporate,East,Clothing,Jeans,7,64.48,0.15,383.66,63.45
ORD-10458,2025-06-17,Customer 190,Corporate,South,Home & Kitchen,Lamp,5,96.62,0.0,483.1,148.29
ORD-12235,2025-06-17,Customer 394,Corporate,East,Clothing,Sneakers,6,40.16,0.0,240.96,61.18
ORD-10253,2025-06-17,Customer 403,Corporate,Central,Furniture,Bookshelf,2,612.91,0.0,1225.82,375.89
ORD-10166,2025-06-17,Customer 147,Consumer,North,Clothing,Cap,5,65.21,0.05,309.75,50.5
ORD-12886,2025-06-18,Customer 604,Home Office,North,Stationery,Notebook,7,31.27,0.0,218.89,65.84
ORD-10675,2025-06-18,Customer 131,Consumer,North,Stationery,Pen Set,4,10.13,0.0,40.52,7.42
ORD-11715,2025-06-18,Customer 330,Consumer,West,Clothing,Cap,4,33.32,0.1,119.95,31.24
ORD-12192,2025-06-18,Customer 355,Consumer,Central,Clothing,Jacket,2,50.15,0.0,100.3,15.54
ORD-10692,2025-06-20,Customer 719,Consumer,South,Furniture,Bookshelf,6,645.36,0.0,3872.16,1061.04
ORD-11015,2025-06-20,Customer 619,Consumer,West,Stationery,Pen Set,4,3.32,0.0,13.28,3.35
ORD-11890,2025-06-20,Customer 798,Consumer,Central,Furniture,Bookshelf,1,489.3,0.0,489.3,55.27
ORD-12094,2025-06-21,Customer 659,Corporate,North,Clothing,Cap,2,52.12,0.0,104.24,29.77
ORD-12425,2025-06-21,Customer 431,Corporate,West,Electronics,Headphones,1,164.19,0.0,164.19,55.86
ORD-10950,2025-06-21,Customer 655,Corporate,South,Furniture,Bed Frame,6,82.4,0.0,494.4,169.74
ORD-12165,2025-06-21,Customer 440,Home Office,North,Electronics,Smartphone,6,530.26,0.15,2704.33,415.54
ORD-10814,2025-06-21,Customer 280,Consumer,North,Electronics,Smartwatch,2,829.98,0.05,1576.96,546.84
ORD-12267,2025-06-21,Customer 570,Consumer,East,Clothing,T-Shirt,1,33.44,0.0,33.44,11.36
ORD-10035,2025-06-22,Customer 225,Consumer,Central,Electronics,Tablet,2,258.87,0.0,517.74,90.54
ORD-11788,2025-06-22,Customer 735,Consumer,North,Furniture,Bed Frame,4,258.89,0.0,1035.56,163.44
ORD-10791,2025-06-22,Customer 665,Corporate,West,Clothing,Jeans,2,28.0,0.05,53.2,6.92
ORD-11932,2025-06-23,Customer 171,Home Office,West,Home & Kitchen,Vacuum Cleaner,1,189.15,0.0,189.15,48.43
ORD-10046,2025-06-23,Customer 142,Consumer,West,Furniture,Bed Frame,3,274.95,0.0,824.85,272.89
ORD-12157,2025-06-23,Customer 371,Home Office,West,Home & Kitchen,Blender,5,146.32,0.15,621.86,204.84
ORD-12988,2025-06-23,Customer 58,Corporate,North,Electronics,Tablet,2,337.26,0.0,674.52,51.48
ORD-12994,2025-06-23,Customer 654,Consumer,Central,Home & Kitchen,Lamp,7,47.25,0.1,297.68,88.39
ORD-11575,2025-06-23,Customer 162,Consumer,West,Furniture,Office Chair,2,575.91,0.05,1094.23,157.63
ORD-10249,2025-06-23,Customer 687,Consumer,West,Stationery,Notebook,2,25.25,0.0,50.5,14.46
ORD-10079,2025-06-24,Customer 772,Consumer,West,Electronics,Smartwatch,2,582.39,0.0,1164.78,238.07
ORD-12914,2025-06-24,Customer 639,Consumer,East,Clothing,Sneakers,2,33.58,0.0,67.16,15.35
ORD-11023,2025-06-24,Customer 806,Corporate,East,Home & Kitchen,Blender,3,36.37,0.0,109.11,11.08
ORD-12738,2025-06-24,Customer 253,Corporate,Central,Furniture,Bookshelf,1,507.49,0.0,507.49,35.88
ORD-11113,2025-06-24,Customer 201,Consumer,West,Clothing,Jeans,1,27.81,0.0,27.81,5.24
ORD-11570,2025-06-24,Customer 840,Consumer,North,Electronics,Laptop,4,167.14,0.0,668.56,133.95
ORD-12339,2025-06-24,Customer 185,Corporate,North,Home & Kitchen,Blender,2,169.18,0.0,338.36,53.67
ORD-12058,2025-06-25,Customer 273,Home Office,Central,Electronics,Smartwatch,5,615.74,0.2,2462.96,625.68
ORD-10693,2025-06-26,Customer 626,Consumer,North,Clothing,Jeans,7,26.79,0.0,187.53,59.55
ORD-10130,2025-06-26,Customer 230,Home Office,East,Home & Kitchen,Cookware Set,6,127.86,0.0,767.16,112.12
ORD-10430,2025-06-26,Customer 636,Consumer,West,Home & Kitchen,Vacuum Cleaner,5,192.43,0.2,769.72,257.77
ORD-12697,2025-06-26,Customer 701,Corporate,South,Furniture,Office Chair,3,413.0,0.0,1239.0,385.15
ORD-10441,2025-06-26,Customer 451,Consumer,Central,Clothing,Cap,1,20.4,0.0,20.4,6.75
ORD-11951,2025-06-26,Customer 688,Consumer,North,Electronics,Smartphone,3,267.26,0.0,801.78,82.86
ORD-10721,2025-06-26,Customer 762,Corporate,North,Stationery,Desk Organizer,4,22.16,0.0,88.64,25.1
ORD-10941,2025-06-27,Customer 381,Consumer,West,Furniture,Bookshelf,1,99.66,0.0,99.66,11.7
ORD-12873,2025-06-27,Customer 416,Consumer,South,Home & Kitchen,Lamp,7,169.77,0.15,1010.13,273.98
ORD-12968,2025-06-27,Customer 50,Consumer,Central,Home & Kitchen,Vacuum Cleaner,4,171.74,0.0,686.96,56.64
ORD-10460,2025-06-28,Customer 236,Consumer,East,Home & Kitchen,Vacuum Cleaner,4,78.61,0.0,314.44,103.25
ORD-10361,2025-06-28,Customer 139,Home Office,South,Home & Kitchen,Vacuum Cleaner,7,176.93,0.1,1114.66,105.21
ORD-10516,2025-06-28,Customer 511,Consumer,West,Furniture,Desk,4,150.36,0.0,601.44,152.58
ORD-10143,2025-06-29,Customer 485,Home Office,North,Electronics,Tablet,4,751.42,0.1,2705.11,210.53
ORD-10195,2025-06-29,Customer 173,Home Office,Central,Clothing,T-Shirt,5,64.51,0.0,322.55,94.7
ORD-10025,2025-06-29,Customer 699,Consumer,East,Stationery,Notebook,7,14.48,0.2,81.09,11.24
ORD-10295,2025-06-29,Customer 375,Corporate,South,Stationery,Pen Set,4,39.06,0.0,156.24,30.64
ORD-11251,2025-06-29,Customer 325,Consumer,West,Home & Kitchen,Air Fryer,1,26.71,0.0,26.71,7.45
ORD-10907,2025-06-30,Customer 86,Corporate,East,Electronics,Laptop,6,679.3,0.0,4075.8,1008.59
ORD-11149,2025-06-30,Customer 566,Consumer,Central,Home & Kitchen,Vacuum Cleaner,3,17.39,0.1,46.95,10.13
ORD-12149,2025-06-30,Customer 729,Corporate,Central,Electronics,Tablet,5,138.69,0.15,589.43,133.51
ORD-10789,2025-06-30,Customer 138,Home Office,Central,Home & Kitchen,Vacuum Cleaner,1,56.74,0.05,53.9,10.27
ORD-10183,2025-06-30,Customer 313,Home Office,East,Clothing,Sneakers,3,60.49,0.05,172.4,43.37
ORD-10705,2025-07-01,Customer 670,Consumer,South,Electronics,Laptop,3,825.15,0.15,2104.13,396.88
ORD-12832,2025-07-01,Customer 618,Corporate,South,Home & Kitchen,Cookware Set,3,143.14,0.0,429.42,66.68
ORD-10194,2025-07-01,Customer 267,Consumer,West,Stationery,Pen Set,5,23.61,0.0,118.05,12.81
ORD-11891,2025-07-02,Customer 606,Consumer,West,Furniture,Bed Frame,4,371.11,0.0,1484.44,419.85
ORD-11981,2025-07-02,Customer 703,Consumer,North,Furniture,Bed Frame,2,693.21,0.0,1386.42,308.71
ORD-11119,2025-07-02,Customer 608,Home Office,North,Clothing,Jacket,1,28.22,0.0,28.22,7.49
ORD-10496,2025-07-02,Customer 646,Consumer,South,Furniture,Bookshelf,1,307.37,0.15,261.26,60.5
ORD-10126,2025-07-02,Customer 363,Consumer,South,Stationery,Whiteboard,3,30.32,0.0,90.96,24.19
ORD-11175,2025-07-03,Customer 456,Consumer,West,Furniture,Office Chair,4,665.15,0.0,2660.6,916.34
ORD-12043,2025-07-03,Customer 176,Consumer,North,Stationery,Backpack,5,9.53,0.1,42.88,14.18
ORD-10187,2025-07-03,Customer 115,Consumer,East,Electronics,Smartphone,3,319.0,0.0,957.0,250.26
ORD-11686,2025-07-03,Customer 360,Consumer,East,Stationery,Pen Set,2,24.99,0.2,39.98,5.65
ORD-10962,2025-07-04,Customer 418,Consumer,North,Electronics,Smartwatch,6,686.92,0.0,4121.52,433.92
ORD-12292,2025-07-04,Customer 442,Corporate,North,Home & Kitchen,Lamp,4,56.59,0.05,215.04,68.64
ORD-12730,2025-07-04,Customer 81,Consumer,Central,Electronics,Tablet,7,763.01,0.0,5341.07,1035.5
ORD-11915,2025-07-05,Customer 547,Consumer,West,Stationery,Whiteboard,3,4.26,0.0,12.78,3.63
ORD-12510,2025-07-05,Customer 671,Home Office,North,Electronics,Tablet,4,712.59,0.0,2850.36,560.61
ORD-11691,2025-07-05,Customer 819,Home Office,West,Furniture,Bookshelf,1,697.86,0.0,697.86,212.04
ORD-10662,2025-07-06,Customer 170,Corporate,West,Furniture,Desk,5,285.34,0.05,1355.36,258.28
ORD-11824,2025-07-06,Customer 233,Consumer,West,Electronics,Smartwatch,5,599.71,0.0,2998.55,701.99
ORD-12839,2025-07-06,Customer 867,Corporate,South,Electronics,Smartwatch,3,544.03,0.0,1632.09,252.5
ORD-11197,2025-07-06,Customer 193,Corporate,West,Electronics,Laptop,4,596.29,0.0,2385.16,274.06
ORD-12920,2025-07-07,Customer 394,Consumer,North,Clothing,Cap,5,12.94,0.0,64.7,3.26
ORD-12959,2025-07-07,Customer 650,Consumer,South,Clothing,T-Shirt,7,86.25,0.0,603.75,126.3
ORD-12529,2025-07-07,Customer 85,Corporate,East,Clothing,Sneakers,7,35.89,0.05,238.67,35.49
ORD-11461,2025-07-07,Customer 167,Consumer,East,Clothing,Sneakers,3,29.67,0.0,89.01,8.24
ORD-12472,2025-07-07,Customer 363,Corporate,West,Clothing,Sneakers,5,66.46,0.0,332.3,70.19
ORD-11463,2025-07-07,Customer 440,Corporate,West,Electronics,Smartwatch,1,234.51,0.0,234.51,64.76
ORD-11670,2025-07-08,Customer 153,Corporate,North,Clothing,Sneakers,1,31.26,0.0,31.26,4.69
ORD-10313,2025-07-08,Customer 417,Consumer,South,Home & Kitchen,Lamp,2,63.54,0.0,127.08,29.9
ORD-10709,2025-07-08,Customer 563,Consumer,West,Electronics,Tablet,1,708.41,0.0,708.41,228.23
ORD-12286,2025-07-08,Customer 843,Home Office,West,Electronics,Headphones,7,598.18,0.05,3977.9,219.44
ORD-11962,2025-07-09,Customer 467,Consumer,South,Stationery,Pen Set,6,14.25,0.0,85.5,28.93
ORD-11264,2025-07-09,Customer 838,Consumer,Central,Clothing,Jacket,5,25.1,0.0,125.5,41.27
ORD-12982,2025-07-09,Customer 128,Corporate,South,Clothing,Sneakers,1,87.85,0.15,74.67,11.37
ORD-10390,2025-07-09,Customer 654,Consumer,East,Electronics,Smartphone,7,127.66,0.1,804.26,74.79
ORD-12103,2025-07-09,Customer 494,Consumer,South,Home & Kitchen,Air Fryer,2,116.97,0.0,233.94,79.8
ORD-10192,2025-07-09,Customer 511,Consumer,North,Clothing,T-Shirt,4,42.59,0.0,170.36,51.28
ORD-11099,2025-07-10,Customer 479,Corporate,North,Stationery,Notebook,6,26.13,0.0,156.78,37.88
ORD-11310,2025-07-10,Customer 448,Home Office,West,Home & Kitchen,Vacuum Cleaner,4,95.47,0.0,381.88,89.51
ORD-12645,2025-07-10,Customer 533,Consumer,Central,Furniture,Desk,3,576.5,0.15,1470.08,276.08
ORD-10382,2025-07-11,Customer 298,Consumer,South,Furniture,Sofa,6,286.07,0.0,1716.42,183.87
ORD-12052,2025-07-11,Customer 884,Home Office,East,Electronics,Smartwatch,3,843.91,0.0,2531.73,500.21
ORD-11507,2025-07-11,Customer 94,Consumer,East,Stationery,Backpack,1,18.33,0.0,18.33,3.1
ORD-10826,2025-07-11,Customer 410,Corporate,North,Electronics,Headphones,6,501.73,0.05,2859.86,157.43
ORD-12024,2025-07-12,Customer 804,Consumer,North,Stationery,Pen Set,3,15.67,0.15,39.96,2.95
ORD-12810,2025-07-12,Customer 791,Home Office,Central,Home & Kitchen,Vacuum Cleaner,6,171.17,0.0,1027.02,234.73
ORD-11885,2025-07-12,Customer 851,Consumer,South,Electronics,Tablet,1,182.73,0.05,173.59,50.14
ORD-10793,2025-07-13,Customer 381,Consumer,East,Electronics,Tablet,2,723.86,0.0,1447.72,223.39
ORD-10248,2025-07-13,Customer 464,Corporate,South,Clothing,Cap,5,11.75,0.0,58.75,10.36
ORD-12120,2025-07-13,Customer 245,Home Office,North,Home & Kitchen,Lamp,6,34.27,0.0,205.62,62.33
ORD-12312,2025-07-13,Customer 705,Consumer,West,Clothing,Jacket,4,64.9,0.0,259.6,60.48
ORD-10550,2025-07-13,Customer 244,Home Office,East,Stationery,Backpack,1,6.97,0.0,6.97,1.35
ORD-11818,2025-07-14,Customer 619,Consumer,North,Furniture,Sofa,3,227.45,0.0,682.35,65.22
ORD-10702,2025-07-14,Customer 822,Corporate,North,Stationery,Desk Organizer,1,27.72,0.0,27.72,7.37
ORD-10180,2025-07-15,Customer 448,Consumer,North,Stationery,Whiteboard,5,6.97,0.0,34.85,7.06
ORD-12420,2025-07-16,Customer 11,Consumer,Central,Furniture,Bookshelf,2,563.24,0.0,1126.48,80.58
ORD-10109,2025-07-16,Customer 219,Consumer,North,Home & Kitchen,Blender,6,191.66,0.0,1149.96,317.45
ORD-11295,2025-07-16,Customer 125,Corporate,East,Home & Kitchen,Vacuum Cleaner,5,194.83,0.0,974.15,67.19
ORD-12586,2025-07-16,Customer 846,Corporate,North,Furniture,Sofa,7,375.21,0.1,2363.82,651.19
ORD-11520,2025-07-17,Customer 234,Home Office,West,Stationery,Notebook,1,19.6,0.1,17.64,1.48
ORD-11020,2025-07-17,Customer 192,Consumer,North,Clothing,Jeans,2,56.77,0.05,107.86,32.19
ORD-12417,2025-07-17,Customer 573,Consumer,West,Electronics,Smartphone,1,251.73,0.0,251.73,40.67
ORD-10619,2025-07-17,Customer 542,Corporate,West,Furniture,Office Chair,7,420.77,0.0,2945.39,296.26
ORD-10808,2025-07-17,Customer 16,Consumer,South,Furniture,Desk,4,324.31,0.0,1297.24,170.6
ORD-10222,2025-07-17,Customer 449,Corporate,West,Clothing,Jacket,4,47.8,0.0,191.2,62.79
ORD-11411,2025-07-17,Customer 449,Consumer,North,Home & Kitchen,Blender,4,59.74,0.0,238.96,68.57
ORD-12551,2025-07-18,Customer 804,Corporate,North,Home & Kitchen,Vacuum Cleaner,4,116.65,0.2,373.28,63.79
ORD-12371,2025-07-18,Customer 790,Consumer,North,Stationery,Pen Set,6,36.06,0.0,216.36,50.02
ORD-12871,2025-07-18,Customer 628,Corporate,South,Clothing,Jacket,7,58.25,0.0,407.75,26.01
ORD-10442,2025-07-18,Customer 590,Consumer,North,Furniture,Office Chair,3,219.98,0.0,659.94,154.76
ORD-12083,2025-07-18,Customer 33,Consumer,East,Home & Kitchen,Air Fryer,6,129.86,0.0,779.16,225.68
ORD-12769,2025-07-20,Customer 402,Corporate,Central,Home & Kitchen,Vacuum Cleaner,5,102.06,0.0,510.3,117.37
ORD-10699,2025-07-21,Customer 617,Corporate,West,Home & Kitchen,Blender,7,196.86,0.0,1378.02,150.88
ORD-10537,2025-07-21,Customer 273,Home Office,South,Clothing,Jacket,4,83.22,0.0,332.88,88.56
ORD-12932,2025-07-22,Customer 674,Consumer,South,Clothing,T-Shirt,4,26.45,0.0,105.8,24.65
ORD-11713,2025-07-22,Customer 609,Corporate,South,Clothing,Jeans,3,66.89,0.0,200.67,12.39
ORD-10081,2025-07-23,Customer 798,Consumer,South,Clothing,Cap,4,31.99,0.0,127.96,9.65
ORD-12589,2025-07-23,Customer 9,Consumer,North,Electronics,Tablet,1,572.22,0.0,572.22,196.1
ORD-10995,2025-07-23,Customer 720,Corporate,West,Clothing,Sneakers,1,82.23,0.1,74.01,9.44
ORD-12411,2025-07-23,Customer 602,Corporate,West,Clothing,Cap,4,32.39,0.0,129.56,9.3
ORD-11464,2025-07-23,Customer 466,Corporate,South,Electronics,Smartphone,7,308.51,0.0,2159.57,609.88
ORD-12851,2025-07-24,Customer 40,Consumer,West,Home & Kitchen,Vacuum Cleaner,1,47.2,0.0,47.2,5.76
ORD-11433,2025-07-24,Customer 758,Consumer,West,Electronics,Smartwatch,6,355.14,0.1,1917.76,274.02
ORD-11347,2025-07-24,Customer 260,Home Office,Central,Clothing,Jacket,6,63.61,0.2,305.33,62.57
ORD-12950,2025-07-24,Customer 826,Corporate,Central,Home & Kitchen,Cookware Set,7,70.56,0.15,419.83,66.3
ORD-11268,2025-07-24,Customer 448,Corporate,North,Electronics,Smartwatch,1,425.46,0.2,340.37,36.03
ORD-10770,2025-07-24,Customer 835,Home Office,Central,Furniture,Bookshelf,7,526.21,0.15,3130.95,1082.41
ORD-11088,2025-07-25,Customer 705,Corporate,North,Clothing,T-Shirt,3,12.88,0.05,36.71,10.12
ORD-11807,2025-07-25,Customer 637,Consumer,East,Electronics,Headphones,7,292.93,0.0,2050.51,286.73
ORD-11985,2025-07-25,Customer 393,Home Office,East,Clothing,Jacket,7,44.68,0.2,250.21,74.65
ORD-11513,2025-07-26,Customer 139,Home Office,East,Electronics,Smartphone,6,220.57,0.0,1323.42,138.41
ORD-12386,2025-07-26,Customer 405,Consumer,West,Home & Kitchen,Lamp,6,182.59,0.1,985.99,137.9
ORD-11706,2025-07-26,Customer 712,Consumer,South,Home & Kitchen,Air Fryer,3,25.76,0.1,69.55,3.96
ORD-11139,2025-07-26,Customer 204,Consumer,Central,Stationery,Backpack,6,26.77,0.0,160.62,20.27
ORD-11772,2025-07-26,Customer 609,Consumer,West,Stationery,Whiteboard,3,21.53,0.0,64.59,19.04
ORD-11718,2025-07-27,Customer 651,Corporate,Central,Furniture,Desk,6,593.42,0.1,3204.47,943.6
ORD-11634,2025-07-27,Customer 377,Consumer,West,Clothing,Sneakers,4,16.76,0.0,67.04,6.76
ORD-11680,2025-07-28,Customer 391,Corporate,North,Stationery,Whiteboard,3,18.59,0.05,52.98,15.9
ORD-10670,2025-07-28,Customer 516,Consumer,West,Electronics,Smartphone,4,438.8,0.2,1404.16,76.13
ORD-11336,2025-07-28,Customer 332,Corporate,North,Clothing,Cap,4,67.38,0.0,269.52,28.2
ORD-11874,2025-07-28,Customer 652,Consumer,West,Electronics,Laptop,7,139.98,0.0,979.86,145.1
ORD-11321,2025-07-28,Customer 225,Home Office,South,Stationery,Notebook,6,6.77,0.0,40.62,2.78
ORD-10935,2025-07-28,Customer 295,Consumer,East,Furniture,Bed Frame,1,647.29,0.05,614.93,158.82
ORD-11445,2025-07-29,Customer 438,Home Office,Central,Clothing,Cap,1,89.84,0.05,85.35,20.75
ORD-11117,2025-07-29,Customer 549,Home Office,South,Stationery,Desk Organizer,3,12.52,0.0,37.56,9.2
ORD-11039,2025-07-29,Customer 719,Home Office,West,Home & Kitchen,Vacuum Cleaner,3,26.73,0.05,76.18,8.54
ORD-11482,2025-07-30,Customer 276,Consumer,East,Home & Kitchen,Vacuum Cleaner,7,131.83,0.0,922.81,245.27
ORD-11420,2025-07-30,Customer 72,Consumer,West,Furniture,Office Chair,5,82.32,0.0,411.6,49.09
ORD-11808,2025-07-30,Customer 5,Consumer,North,Home & Kitchen,Lamp,7,184.83,0.0,1293.81,306.22
ORD-11244,2025-07-30,Customer 453,Home Office,Central,Home & Kitchen,Lamp,3,42.14,0.0,126.42,39.98
ORD-10014,2025-07-30,Customer 182,Home Office,South,Electronics,Laptop,5,442.85,0.0,2214.25,495.47
ORD-10585,2025-07-30,Customer 278,Consumer,East,Electronics,Headphones,4,610.61,0.2,1953.95,629.82
ORD-10167,2025-07-31,Customer 126,Corporate,North,Clothing,Sneakers,4,27.15,0.0,108.6,16.64
ORD-12237,2025-07-31,Customer 342,Consumer,South,Electronics,Headphones,4,850.64,0.1,3062.3,577.28
ORD-11911,2025-07-31,Customer 272,Home Office,North,Furniture,Desk,3,332.25,0.05,946.91,58.14
ORD-10090,2025-07-31,Customer 628,Consumer,North,Electronics,Smartphone,7,110.84,0.0,775.88,109.11
ORD-12471,2025-08-01,Customer 614,Consumer,North,Home & Kitchen,Lamp,6,103.5,0.0,621.0,94.38
ORD-11550,2025-08-01,Customer 164,Corporate,Central,Electronics,Smartphone,1,318.56,0.0,318.56,78.59
ORD-11221,2025-08-01,Customer 547,Home Office,South,Electronics,Headphones,7,562.64,0.2,3150.78,939.0
ORD-11256,2025-08-01,Customer 627,Corporate,East,Furniture,Bookshelf,6,218.41,0.1,1179.41,272.57
ORD-11837,2025-08-01,Customer 804,Corporate,South,Home & Kitchen,Blender,7,95.57,0.0,668.99,206.92
ORD-10040,2025-08-02,Customer 763,Consumer,Central,Clothing,Cap,7,52.83,0.05,351.32,102.35
ORD-12792,2025-08-02,Customer 838,Consumer,South,Stationery,Whiteboard,4,15.94,0.15,54.2,2.48
ORD-10875,2025-08-02,Customer 541,Corporate,West,Furniture,Bed Frame,3,531.55,0.0,1594.65,431.21
ORD-10837,2025-08-02,Customer 885,Consumer,South,Electronics,Tablet,3,594.38,0.15,1515.67,390.03
ORD-10017,2025-08-03,Customer 21,Consumer,Central,Clothing,T-Shirt,3,57.27,0.2,137.45,21.76
ORD-10575,2025-08-03,Customer 472,Consumer,South,Home & Kitchen,Lamp,2,103.52,0.1,186.34,63.96
ORD-12491,2025-08-04,Customer 442,Consumer,Central,Furniture,Sofa,7,602.93,0.0,4220.51,280.96
ORD-11128,2025-08-04,Customer 879,Corporate,Central,Stationery,Whiteboard,1,9.0,0.0,9.0,1.35
ORD-12044,2025-08-04,Customer 384,Corporate,North,Electronics,Smartphone,7,371.43,0.0,2600.01,493.12
ORD-10971,2025-08-04,Customer 194,Consumer,West,Furniture,Office Chair,1,221.88,0.0,221.88,22.26
ORD-11540,2025-08-05,Customer 569,Corporate,West,Stationery,Whiteboard,7,16.54,0.05,109.99,37.07
ORD-12270,2025-08-05,Customer 146,Corporate,South,Home & Kitchen,Lamp,4,77.14,0.05,293.13,89.32
ORD-12917,2025-08-05,Customer 821,Consumer,East,Clothing,Sneakers,4,13.61,0.0,54.44,13.04
ORD-11231,2025-08-05,Customer 831,Consumer,East,Home & Kitchen,Lamp,5,120.87,0.0,604.35,204.29
ORD-10740,2025-08-06,Customer 354,Corporate,West,Stationery,Notebook,6,17.37,0.0,104.22,13.53
ORD-11215,2025-08-06,Customer 256,Home Office,East,Electronics,Smartwatch,1,304.76,0.0,304.76,85.4
ORD-11631,2025-08-07,Customer 438,Consumer,South,Clothing,Jeans,1,35.51,0.0,35.51,2.98
ORD-10873,2025-08-08,Customer 118,Consumer,Central,Furniture,Bookshelf,7,492.66,0.0,3448.62,492.54
ORD-11462,2025-08-08,Customer 75,Home Office,East,Clothing,Jeans,3,45.45,0.2,109.08,28.11
ORD-10245,2025-08-08,Customer 128,Home Office,West,Electronics,Tablet,2,470.98,0.0,941.96,241.39
ORD-10316,2025-08-08,Customer 69,Consumer,North,Stationery,Desk Organizer,3,33.94,0.0,101.82,5.21
ORD-12119,2025-08-08,Customer 648,Corporate,North,Stationery,Notebook,3,35.95,0.0,107.85,17.84
ORD-12063,2025-08-08,Customer 724,Consumer,South,Home & Kitchen,Cookware Set,2,165.88,0.15,282.0,16.67
ORD-12688,2025-08-09,Customer 529,Consumer,Central,Electronics,Smartphone,2,518.94,0.0,1037.88,103.11
ORD-12277,2025-08-09,Customer 879,Corporate,East,Electronics,Smartwatch,1,660.89,0.15,561.76,121.55
ORD-10186,2025-08-09,Customer 684,Corporate,North,Furniture,Office Chair,6,627.35,0.05,3575.89,366.72
ORD-12933,2025-08-09,Customer 281,Home Office,North,Furniture,Office Chair,6,418.43,0.0,2510.58,553.91
ORD-12715,2025-08-09,Customer 527,Consumer,North,Home & Kitchen,Blender,1,47.67,0.2,38.14,3.4
ORD-10074,2025-08-09,Customer 866,Home Office,East,Home & Kitchen,Air Fryer,2,148.33,0.1,266.99,82.78
ORD-11497,2025-08-09,Customer 606,Home Office,West,Furniture,Bed Frame,4,554.51,0.0,2218.04,452.32
ORD-12080,2025-08-10,Customer 851,Consumer,West,Home & Kitchen,Cookware Set,2,18.67,0.05,35.47,3.91
ORD-11143,2025-08-10,Customer 752,Consumer,East,Furniture,Bookshelf,5,82.62,0.0,413.1,98.76
ORD-11269,2025-08-10,Customer 509,Corporate,North,Furniture,Office Chair,6,561.01,0.0,3366.06,695.17
ORD-10506,2025-08-11,Customer 385,Corporate,West,Stationery,Backpack,1,26.19,0.0,26.19,5.31
ORD-12023,2025-08-11,Customer 148,Home Office,North,Home & Kitchen,Vacuum Cleaner,1,69.1,0.0,69.1,21.73
ORD-10459,2025-08-11,Customer 279,Consumer,North,Home & Kitchen,Vacuum Cleaner,6,177.13,0.0,1062.78,80.19
ORD-10156,2025-08-11,Customer 93,Consumer,East,Electronics,Smartphone,7,222.29,0.1,1400.43,317.62
ORD-11366,2025-08-13,Customer 655,Consumer,West,Clothing,Cap,1,80.69,0.1,72.62,5.2
ORD-11847,2025-08-13,Customer 547,Home Office,West,Clothing,Jacket,7,66.94,0.1,421.72,48.88
ORD-11745,2025-08-13,Customer 550,Home Office,East,Clothing,T-Shirt,2,53.26,0.0,106.52,7.79
ORD-11701,2025-08-13,Customer 458,Corporate,East,Furniture,Desk,4,481.59,0.0,1926.36,637.55
ORD-11760,2025-08-13,Customer 481,Consumer,West,Electronics,Laptop,6,598.72,0.0,3592.32,539.56
ORD-11454,2025-08-13,Customer 879,Consumer,East,Stationery,Desk Organizer,6,17.72,0.0,106.32,30.7
ORD-12470,2025-08-13,Customer 126,Consumer,West,Home & Kitchen,Lamp,3,152.7,0.05,435.19,136.85
ORD-12263,2025-08-14,Customer 626,Home Office,Central,Electronics,Smartphone,1,335.86,0.0,335.86,81.41
ORD-11993,2025-08-14,Customer 257,Corporate,East,Electronics,Laptop,6,345.81,0.0,2074.86,507.69
ORD-11937,2025-08-15,Customer 25,Home Office,West,Furniture,Office Chair,1,454.09,0.05,431.39,38.49
ORD-12387,2025-08-15,Customer 205,Consumer,Central,Clothing,Jacket,5,76.86,0.15,326.65,101.14
ORD-12811,2025-08-16,Customer 47,Home Office,North,Furniture,Sofa,3,404.11,0.0,1212.33,119.1
ORD-11284,2025-08-16,Customer 694,Corporate,Central,Furniture,Bed Frame,5,489.51,0.0,2447.55,160.73
ORD-11290,2025-08-17,Customer 355,Home Office,West,Furniture,Office Chair,1,444.03,0.0,444.03,93.18
ORD-12995,2025-08-17,Customer 414,Corporate,West,Home & Kitchen,Air Fryer,2,23.62,0.0,47.24,3.67
ORD-11934,2025-08-17,Customer 590,Consumer,West,Electronics,Tablet,7,226.63,0.0,1586.41,234.07
ORD-11073,2025-08-17,Customer 886,Consumer,West,Furniture,Desk,7,574.71,0.0,4022.97,296.57
ORD-10768,2025-08-18,Customer 654,Consumer,South,Clothing,Jeans,3,12.83,0.0,38.49,9.5
ORD-10978,2025-08-19,Customer 122,Consumer,North,Stationery,Desk Organizer,3,15.55,0.0,46.65,5.58
ORD-10587,2025-08-19,Customer 169,Consumer,South,Stationery,Notebook,7,9.71,0.0,67.97,20.58
ORD-12921,2025-08-19,Customer 423,Consumer,South,Clothing,Jeans,6,42.14,0.0,252.84,67.02
ORD-12362,2025-08-19,Customer 237,Consumer,East,Electronics,Tablet,6,294.83,0.0,1768.98,300.43
ORD-10475,2025-08-20,Customer 18,Consumer,Central,Clothing,T-Shirt,2,86.23,0.0,172.46,45.74
ORD-12478,2025-08-20,Customer 48,Corporate,North,Electronics,Tablet,6,670.5,0.0,4023.0,849.58
ORD-12755,2025-08-20,Customer 79,Corporate,West,Furniture,Sofa,2,206.72,0.05,392.77,64.9
ORD-11392,2025-08-20,Customer 584,Corporate,Central,Furniture,Office Chair,3,258.23,0.0,774.69,145.38
ORD-10530,2025-08-20,Customer 828,Corporate,East,Electronics,Smartphone,2,765.65,0.0,1531.3,508.26
ORD-11708,2025-08-20,Customer 185,Consumer,South,Home & Kitchen,Cookware Set,5,187.02,0.15,794.84,150.09
ORD-11974,2025-08-21,Customer 194,Corporate,North,Clothing,Jacket,6,79.67,0.0,478.02,159.25
ORD-10378,2025-08-21,Customer 827,Consumer,South,Electronics,Smartwatch,6,519.32,0.15,2648.53,855.29
ORD-12513,2025-08-22,Customer 894,Consumer,West,Stationery,Backpack,1,17.41,0.0,17.41,2.42
ORD-11588,2025-08-22,Customer 674,Consumer,North,Home & Kitchen,Vacuum Cleaner,2,29.46,0.0,58.92,9.92
ORD-12475,2025-08-22,Customer 697,Home Office,West,Home & Kitchen,Lamp,4,22.32,0.0,89.28,27.74
ORD-11585,2025-08-22,Customer 871,Consumer,Central,Furniture,Bookshelf,6,332.07,0.1,1793.18,170.17
ORD-10076,2025-08-23,Customer 699,Consumer,West,Furniture,Sofa,4,105.39,0.0,421.56,145.72
ORD-12266,2025-08-23,Customer 358,Corporate,West,Stationery,Whiteboard,5,14.58,0.0,72.9,23.85
ORD-12400,2025-08-23,Customer 510,Corporate,Central,Stationery,Backpack,5,5.52,0.2,22.08,2.24
ORD-10571,2025-08-23,Customer 729,Corporate,East,Electronics,Tablet,5,403.15,0.0,2015.75,629.86
ORD-10593,2025-08-23,Customer 355,Consumer,Central,Clothing,T-Shirt,2,44.33,0.0,88.66,8.1
ORD-11527,2025-08-23,Customer 394,Corporate,West,Clothing,T-Shirt,5,24.42,0.15,103.79,6.9
ORD-11372,2025-08-23,Customer 798,Consumer,South,Electronics,Smartwatch,3,136.91,0.0,410.73,85.02
ORD-11373,2025-08-24,Customer 87,Consumer,South,Clothing,Sneakers,2,48.47,0.0,96.94,13.38
ORD-12476,2025-08-24,Customer 366,Corporate,West,Home & Kitchen,Lamp,2,69.86,0.0,139.72,41.8
ORD-10723,2025-08-25,Customer 121,Corporate,Central,Clothing,Jeans,6,33.38,0.2,160.22,8.05
ORD-11551,2025-08-25,Customer 129,Consumer,East,Stationery,Pen Set,7,4.29,0.0,30.03,5.68
ORD-12592,2025-08-25,Customer 798,Home Office,East,Clothing,Sneakers,5,23.28,0.0,116.4,38.06
ORD-11342,2025-08-25,Customer 360,Home Office,South,Clothing,Sneakers,7,83.03,0.0,581.21,77.74
ORD-11543,2025-08-26,Customer 885,Consumer,West,Clothing,T-Shirt,4,32.04,0.05,121.75,34.51
ORD-10038,2025-08-26,Customer 575,Consumer,East,Stationery,Backpack,5,17.25,0.0,86.25,7.93
ORD-10324,2025-08-26,Customer 656,Consumer,East,Stationery,Whiteboard,3,35.62,0.1,96.17,23.98
ORD-12973,2025-08-26,Customer 276,Consumer,West,Stationery,Desk Organizer,2,10.73,0.1,19.31,2.05
ORD-11105,2025-08-26,Customer 72,Home Office,East,Home & Kitchen,Air Fryer,5,19.3,0.0,96.5,31.39
ORD-11437,2025-08-26,Customer 138,Home Office,South,Clothing,Cap,2,33.12,0.0,66.24,18.4
ORD-10660,2025-08-26,Customer 293,Consumer,East,Clothing,Cap,3,34.97,0.05,99.66,6.2
ORD-10374,2025-08-26,Customer 137,Consumer,West,Clothing,Sneakers,2,59.39,0.0,118.78,15.56
ORD-12956,2025-08-27,Customer 217,Home Office,Central,Home & Kitchen,Cookware Set,3,168.9,0.0,506.7,131.23
ORD-11674,2025-08-27,Customer 293,Consumer,North,Electronics,Headphones,2,666.66,0.0,1333.32,271.56
ORD-10128,2025-08-27,Customer 294,Corporate,West,Clothing,T-Shirt,7,11.58,0.0,81.06,22.98
ORD-12154,2025-08-28,Customer 160,Corporate,North,Clothing,Cap,3,28.97,0.0,86.91,6.17
ORD-10870,2025-08-28,Customer 511,Consumer,North,Furniture,Bookshelf,7,477.68,0.0,3343.76,314.98
ORD-11159,2025-08-29,Customer 18,Corporate,East,Electronics,Smartwatch,2,141.49,0.0,282.98,45.12
ORD-11101,2025-08-29,Customer 418,Home Office,South,Clothing,T-Shirt,3,76.89,0.2,184.54,39.78
ORD-11773,2025-08-30,Customer 802,Corporate,North,Home & Kitchen,Cookware Set,2,178.48,0.0,356.96,86.53
ORD-12383,2025-08-30,Customer 219,Consumer,East,Electronics,Tablet,3,872.25,0.2,2093.4,527.45
ORD-12129,2025-08-31,Customer 721,Consumer,East,Stationery,Notebook,7,34.28,0.0,239.96,72.96
ORD-11374,2025-09-01,Customer 49,Consumer,West,Home & Kitchen,Air Fryer,4,198.87,0.1,715.93,194.79
ORD-11017,2025-09-01,Customer 805,Consumer,West,Home & Kitchen,Blender,6,194.51,0.0,1167.06,69.24
ORD-11655,2025-09-01,Customer 707,Corporate,West,Electronics,Headphones,1,561.44,0.0,561.44,62.25
ORD-10278,2025-09-01,Customer 782,Corporate,West,Clothing,Cap,4,77.4,0.0,309.6,67.14
ORD-10637,2025-09-01,Customer 836,Consumer,East,Electronics,Headphones,3,103.75,0.0,311.25,22.4
ORD-11421,2025-09-02,Customer 258,Consumer,Central,Electronics,Smartwatch,7,183.12,0.0,1281.84,366.68
ORD-11329,2025-09-02,Customer 47,Consumer,North,Clothing,Jacket,1,12.66,0.05,12.03,4.11
ORD-10319,2025-09-03,Customer 553,Consumer,East,Home & Kitchen,Air Fryer,4,41.67,0.0,166.68,41.64
ORD-12210,2025-09-03,Customer 658,Home Office,West,Electronics,Tablet,2,393.06,0.05,746.81,77.11
ORD-12568,2025-09-03,Customer 547,Corporate,South,Stationery,Backpack,2,6.54,0.0,13.08,3.77
ORD-12367,2025-09-03,Customer 714,Corporate,West,Clothing,Sneakers,3,22.39,0.15,57.09,12.54
ORD-12813,2025-09-03,Customer 355,Corporate,North,Stationery,Whiteboard,7,11.05,0.0,77.35,4.38
ORD-10037,2025-09-03,Customer 578,Home Office,Central,Stationery,Desk Organizer,5,31.84,0.1,143.28,12.95
ORD-11498,2025-09-04,Customer 475,Corporate,Central,Clothing,Cap,4,65.81,0.0,263.24,19.91
ORD-12341,2025-09-04,Customer 752,Consumer,North,Stationery,Pen Set,1,7.71,0.0,7.71,1.03
ORD-12948,2025-09-04,Customer 468,Consumer,West,Home & Kitchen,Blender,7,104.42,0.0,730.94,234.16
ORD-10297,2025-09-04,Customer 568,Consumer,Central,Home & Kitchen,Blender,6,142.99,0.05,815.04,243.26
ORD-11227,2025-09-04,Customer 100,Corporate,West,Clothing,Cap,7,68.08,0.2,381.25,121.79
ORD-11678,2025-09-04,Customer 577,Corporate,Central,Furniture,Sofa,1,174.44,0.0,174.44,40.82
ORD-12423,2025-09-05,Customer 71,Corporate,East,Electronics,Smartwatch,7,846.25,0.1,5331.38,554.65
ORD-10121,2025-09-05,Customer 715,Consumer,Central,Furniture,Office Chair,1,292.29,0.0,292.29,80.45
ORD-12289,2025-09-05,Customer 94,Home Office,East,Home & Kitchen,Vacuum Cleaner,4,64.77,0.0,259.08,55.45
ORD-12915,2025-09-05,Customer 72,Corporate,South,Furniture,Bookshelf,3,316.84,0.2,760.42,62.76
ORD-12382,2025-09-05,Customer 637,Consumer,East,Stationery,Notebook,7,37.37,0.0,261.59,20.53
ORD-10029,2025-09-06,Customer 839,Home Office,North,Clothing,T-Shirt,2,57.68,0.1,103.82,19.75
ORD-12142,2025-09-06,Customer 582,Corporate,Central,Electronics,Laptop,6,346.68,0.0,2080.08,254.14
ORD-12621,2025-09-07,Customer 701,Consumer,Central,Clothing,Jeans,2,88.57,0.1,159.43,32.11
ORD-11714,2025-09-07,Customer 804,Home Office,Central,Stationery,Desk Organizer,2,26.45,0.0,52.9,15.14
ORD-11598,2025-09-07,Customer 865,Home Office,East,Furniture,Bookshelf,4,446.64,0.0,1786.56,90.56
ORD-10781,2025-09-08,Customer 417,Home Office,North,Furniture,Desk,6,260.66,0.05,1485.76,462.96
ORD-11005,2025-09-08,Customer 546,Home Office,Central,Clothing,Sneakers,6,63.42,0.0,380.52,26.21
ORD-11844,2025-09-08,Customer 157,Consumer,North,Clothing,Cap,7,81.05,0.0,567.35,125.49
ORD-10963,2025-09-08,Customer 76,Consumer,West,Electronics,Laptop,6,279.5,0.0,1677.0,146.08
ORD-10754,2025-09-08,Customer 838,Consumer,North,Clothing,Jeans,3,10.32,0.05,29.41,6.43
ORD-10772,2025-09-08,Customer 763,Consumer,North,Home & Kitchen,Vacuum Cleaner,4,143.22,0.0,572.88,150.57
ORD-10599,2025-09-08,Customer 242,Consumer,Central,Electronics,Smartphone,4,431.37,0.05,1639.21,318.45
ORD-10760,2025-09-08,Customer 30,Consumer,South,Furniture,Sofa,4,604.55,0.05,2297.29,378.13
ORD-10776,2025-09-09,Customer 642,Consumer,South,Clothing,Sneakers,5,22.07,0.15,93.8,25.17
ORD-10045,2025-09-09,Customer 697,Corporate,North,Electronics,Headphones,7,411.63,0.05,2737.34,410.85
ORD-10307,2025-09-09,Customer 416,Corporate,Central,Stationery,Notebook,7,26.77,0.0,187.39,16.08
ORD-11812,2025-09-09,Customer 241,Consumer,North,Clothing,Jeans,4,84.11,0.15,285.97,10.34
ORD-12818,2025-09-09,Customer 542,Consumer,West,Electronics,Tablet,5,194.76,0.0,973.8,129.52
ORD-12570,2025-09-10,Customer 335,Consumer,North,Stationery,Notebook,7,33.02,0.05,219.58,70.95
ORD-11368,2025-09-10,Customer 60,Corporate,South,Electronics,Laptop,4,786.26,0.0,3145.04,1044.2
ORD-12550,2025-09-10,Customer 333,Consumer,West,Home & Kitchen,Cookware Set,2,186.64,0.0,373.28,37.31
ORD-11897,2025-09-10,Customer 294,Corporate,West,Stationery,Notebook,4,7.05,0.0,28.2,6.5
ORD-11735,2025-09-10,Customer 754,Consumer,West,Clothing,Jeans,6,48.98,0.0,293.88,42.81
ORD-11996,2025-09-10,Customer 897,Home Office,West,Stationery,Whiteboard,4,6.04,0.05,22.95,5.23
ORD-10102,2025-09-11,Customer 610,Corporate,South,Clothing,Cap,6,41.69,0.05,237.63,52.3
ORD-12333,2025-09-11,Customer 401,Consumer,East,Furniture,Bookshelf,4,276.95,0.1,997.02,190.14
ORD-10393,2025-09-12,Customer 317,Consumer,North,Electronics,Laptop,5,140.1,0.05,665.48,191.12
ORD-12285,2025-09-12,Customer 252,Home Office,East,Clothing,Cap,1,63.19,0.0,63.19,21.39
ORD-12849,2025-09-12,Customer 13,Consumer,East,Clothing,T-Shirt,7,86.05,0.1,542.12,157.35
ORD-12014,2025-09-12,Customer 229,Home Office,West,Stationery,Whiteboard,3,15.5,0.15,39.52,-1.29
ORD-11902,2025-09-13,Customer 632,Consumer,North,Clothing,Cap,5,69.83,0.05,331.69,54.18
ORD-10851,2025-09-13,Customer 870,Home Office,West,Home & Kitchen,Air Fryer,5,125.15,0.0,625.75,149.92
ORD-10265,2025-09-13,Customer 295,Home Office,Central,Furniture,Bookshelf,6,344.1,0.0,2064.6,361.97
ORD-10775,2025-09-13,Customer 861,Consumer,East,Clothing,Cap,1,44.95,0.0,44.95,8.58
ORD-11091,2025-09-13,Customer 238,Consumer,East,Clothing,Jacket,7,44.5,0.0,311.5,36.08
ORD-11319,2025-09-13,Customer 782,Consumer,West,Furniture,Bookshelf,4,693.4,0.05,2634.92,240.16
ORD-12394,2025-09-13,Customer 210,Consumer,North,Clothing,Sneakers,4,26.62,0.0,106.48,33.81
ORD-10417,2025-09-14,Customer 731,Home Office,West,Clothing,T-Shirt,6,80.24,0.0,481.44,60.43
ORD-12809,2025-09-14,Customer 379,Corporate,North,Electronics,Headphones,4,632.17,0.0,2528.68,563.99
ORD-10885,2025-09-15,Customer 337,Consumer,Central,Furniture,Office Chair,5,202.0,0.0,1010.0,287.43
ORD-10387,2025-09-15,Customer 129,Home Office,Central,Furniture,Office Chair,7,677.91,0.05,4508.1,1037.95
ORD-11061,2025-09-15,Customer 800,Corporate,West,Clothing,T-Shirt,2,57.76,0.0,115.52,17.89
ORD-11608,2025-09-15,Customer 136,Consumer,West,Clothing,T-Shirt,2,87.11,0.0,174.22,21.69
ORD-10052,2025-09-16,Customer 5,Corporate,North,Stationery,Whiteboard,1,4.34,0.0,4.34,1.01
ORD-12434,2025-09-16,Customer 273,Corporate,West,Electronics,Tablet,6,157.97,0.0,947.82,186.01
ORD-10696,2025-09-16,Customer 802,Consumer,North,Electronics,Laptop,1,706.24,0.0,706.24,57.68
ORD-10834,2025-09-16,Customer 452,Consumer,North,Furniture,Sofa,6,145.61,0.0,873.66,209.9
ORD-12260,2025-09-16,Customer 687,Consumer,North,Stationery,Pen Set,3,19.35,0.1,52.25,10.62
ORD-11761,2025-09-16,Customer 664,Consumer,West,Clothing,T-Shirt,5,81.48,0.0,407.4,100.69
ORD-11635,2025-09-17,Customer 363,Consumer,South,Stationery,Notebook,7,11.91,0.0,83.37,21.02
ORD-11271,2025-09-17,Customer 519,Corporate,North,Electronics,Smartwatch,5,844.18,0.0,4220.9,1029.92
ORD-11246,2025-09-17,Customer 314,Consumer,North,Electronics,Smartphone,7,547.05,0.0,3829.35,443.41
ORD-12762,2025-09-17,Customer 679,Consumer,West,Stationery,Pen Set,5,39.09,0.0,195.45,34.94
ORD-11033,2025-09-17,Customer 155,Corporate,West,Clothing,Sneakers,2,85.0,0.05,161.5,22.99
ORD-12209,2025-09-17,Customer 72,Consumer,Central,Electronics,Smartphone,2,215.97,0.0,431.94,133.73
ORD-12147,2025-09-18,Customer 123,Consumer,North,Furniture,Bed Frame,2,467.49,0.0,934.98,265.66
ORD-10207,2025-09-18,Customer 610,Consumer,West,Stationery,Pen Set,3,30.25,0.0,90.75,9.67
ORD-11541,2025-09-18,Customer 827,Corporate,West,Furniture,Bookshelf,2,645.44,0.0,1290.88,143.58
ORD-10534,2025-09-19,Customer 488,Corporate,South,Clothing,Cap,6,29.42,0.05,167.69,57.63
ORD-11260,2025-09-19,Customer 550,Consumer,East,Stationery,Backpack,3,24.2,0.0,72.6,22.56
ORD-12325,2025-09-19,Customer 799,Home Office,East,Clothing,Jeans,6,43.02,0.0,258.12,48.31
ORD-10773,2025-09-19,Customer 455,Consumer,Central,Stationery,Notebook,1,28.6,0.0,28.6,7.49
ORD-12429,2025-09-20,Customer 896,Consumer,East,Clothing,Cap,6,31.5,0.2,151.2,26.58
ORD-10077,2025-09-20,Customer 500,Corporate,Central,Clothing,Jeans,2,16.79,0.1,30.22,9.89
ORD-12359,2025-09-20,Customer 665,Consumer,East,Electronics,Laptop,3,124.4,0.0,373.2,39.31
ORD-10730,2025-09-20,Customer 217,Consumer,North,Clothing,T-Shirt,2,65.55,0.1,117.99,16.04
ORD-10347,2025-09-21,Customer 585,Corporate,East,Home & Kitchen,Vacuum Cleaner,7,133.99,0.0,937.93,151.49
ORD-11828,2025-09-21,Customer 584,Corporate,West,Electronics,Headphones,1,829.81,0.0,829.81,239.82
ORD-10956,2025-09-21,Customer 499,Corporate,West,Furniture,Bookshelf,1,277.4,0.05,263.53,90.09
ORD-10471,2025-09-22,Customer 659,Home Office,West,Clothing,Sneakers,3,50.67,0.05,144.41,17.46
ORD-10412,2025-09-22,Customer 297,Corporate,South,Clothing,Jacket,5,35.18,0.05,167.1,40.81
ORD-10318,2025-09-22,Customer 848,Consumer,South,Stationery,Notebook,7,18.05,0.2,101.08,12.52
ORD-10254,2025-09-22,Customer 28,Consumer,East,Stationery,Pen Set,2,14.15,0.0,28.3,3.11
ORD-12967,2025-09-23,Customer 585,Consumer,West,Electronics,Headphones,3,485.22,0.0,1455.66,266.15
ORD-12854,2025-09-23,Customer 106,Home Office,East,Clothing,Sneakers,7,50.39,0.05,335.09,37.65
ORD-10845,2025-09-23,Customer 286,Corporate,Central,Furniture,Sofa,6,511.39,0.0,3068.34,905.56
ORD-11103,2025-09-23,Customer 270,Corporate,North,Clothing,Sneakers,1,81.18,0.2,64.94,14.7
ORD-12011,2025-09-23,Customer 414,Consumer,West,Stationery,Pen Set,1,29.23,0.15,24.85,-0.15
ORD-10237,2025-09-24,Customer 409,Consumer,West,Furniture,Bookshelf,5,218.63,0.0,1093.15,112.59
ORD-10291,2025-09-24,Customer 624,Corporate,North,Stationery,Pen Set,4,7.95,0.1,28.62,3.47
ORD-12904,2025-09-25,Customer 442,Home Office,North,Electronics,Smartphone,5,296.49,0.0,1482.45,501.07
ORD-10857,2025-09-25,Customer 811,Corporate,South,Stationery,Whiteboard,1,30.5,0.0,30.5,6.36
ORD-11960,2025-09-25,Customer 853,Consumer,West,Stationery,Whiteboard,3,30.36,0.0,91.08,30.87
ORD-10212,2025-09-25,Customer 797,Home Office,West,Furniture,Office Chair,6,542.56,0.0,3255.36,681.63
ORD-10752,2025-09-26,Customer 576,Consumer,East,Electronics,Headphones,4,140.54,0.0,562.16,137.76
ORD-11499,2025-09-27,Customer 633,Consumer,West,Electronics,Headphones,6,819.9,0.0,4919.4,706.49
ORD-11661,2025-09-27,Customer 334,Home Office,South,Stationery,Desk Organizer,2,13.38,0.0,26.76,6.63
ORD-10563,2025-09-27,Customer 830,Consumer,North,Furniture,Bookshelf,3,466.31,0.2,1119.14,269.76
ORD-11326,2025-09-27,Customer 724,Corporate,West,Home & Kitchen,Blender,6,60.18,0.0,361.08,116.18
ORD-12032,2025-09-27,Customer 769,Consumer,North,Stationery,Whiteboard,2,3.95,0.0,7.9,1.21
ORD-10235,2025-09-28,Customer 42,Consumer,South,Clothing,Jeans,6,27.95,0.0,167.7,44.18
ORD-11869,2025-09-29,Customer 727,Home Office,North,Home & Kitchen,Lamp,7,195.65,0.0,1369.55,457.62
ORD-10478,2025-09-29,Customer 477,Home Office,North,Electronics,Headphones,2,652.09,0.0,1304.18,326.76
ORD-11857,2025-09-29,Customer 202,Consumer,Central,Furniture,Office Chair,2,428.69,0.0,857.38,249.24
ORD-11630,2025-09-29,Customer 817,Corporate,West,Stationery,Notebook,1,24.84,0.0,24.84,1.74
ORD-11263,2025-09-30,Customer 174,Consumer,East,Electronics,Smartphone,3,258.15,0.0,774.45,245.17
ORD-12835,2025-09-30,Customer 430,Home Office,Central,Home & Kitchen,Vacuum Cleaner,4,18.13,0.0,72.52,9.59
ORD-11048,2025-09-30,Customer 780,Consumer,South,Stationery,Whiteboard,7,12.02,0.0,84.14,14.7
ORD-11338,2025-09-30,Customer 826,Corporate,North,Home & Kitchen,Cookware Set,2,84.72,0.05,160.97,52.92
ORD-12242,2025-09-30,Customer 319,Home Office,Central,Clothing,T-Shirt,3,44.8,0.05,127.68,21.94
ORD-12711,2025-09-30,Customer 724,Home Office,Central,Furniture,Bed Frame,2,236.27,0.0,472.54,99.5
ORD-12234,2025-09-30,Customer 664,Corporate,South,Clothing,Cap,2,34.61,0.05,65.76,18.3
ORD-10239,2025-09-30,Customer 71,Home Office,Central,Stationery,Whiteboard,6,23.36,0.1,126.14,29.54
ORD-11142,2025-10-01,Customer 591,Consumer,West,Electronics,Smartwatch,3,574.8,0.1,1551.96,273.49
ORD-10418,2025-10-01,Customer 49,Consumer,North,Clothing,Jeans,4,50.89,0.0,203.56,24.35
ORD-11523,2025-10-01,Customer 475,Corporate,South,Home & Kitchen,Vacuum Cleaner,5,145.74,0.15,619.39,68.3
ORD-11805,2025-10-01,Customer 834,Consumer,North,Furniture,Bed Frame,3,625.51,0.1,1688.88,224.14
ORD-10559,2025-10-02,Customer 498,Corporate,North,Home & Kitchen,Lamp,5,21.87,0.0,109.35,15.42
ORD-10716,2025-10-02,Customer 22,Home Office,North,Home & Kitchen,Cookware Set,1,174.77,0.0,174.77,11.01
ORD-11916,2025-10-02,Customer 578,Corporate,West,Stationery,Whiteboard,2,36.46,0.0,72.92,21.13
ORD-12298,2025-10-03,Customer 131,Corporate,South,Clothing,Jeans,7,43.59,0.0,305.13,16.56
ORD-10123,2025-10-03,Customer 354,Consumer,East,Electronics,Headphones,4,591.12,0.15,2009.81,287.92
ORD-10843,2025-10-03,Customer 383,Home Office,South,Home & Kitchen,Air Fryer,7,192.05,0.0,1344.35,312.67
ORD-10137,2025-10-03,Customer 244,Consumer,Central,Electronics,Tablet,2,724.22,0.15,1231.17,301.61
ORD-10607,2025-10-03,Customer 325,Home Office,South,Electronics,Tablet,1,264.11,0.05,250.9,24.49
ORD-10605,2025-10-03,Customer 536,Home Office,West,Electronics,Smartwatch,2,104.81,0.2,167.7,30.13
ORD-12584,2025-10-03,Customer 441,Home Office,West,Electronics,Headphones,1,437.94,0.0,437.94,33.15
ORD-10346,2025-10-04,Customer 731,Consumer,Central,Home & Kitchen,Lamp,6,55.7,0.05,317.49,37.01
ORD-11898,2025-10-04,Customer 512,Consumer,South,Electronics,Tablet,1,539.47,0.0,539.47,148.47
ORD-12751,2025-10-04,Customer 492,Consumer,West,Home & Kitchen,Blender,3,39.55,0.0,118.65,15.98
ORD-10711,2025-10-04,Customer 68,Corporate,West,Electronics,Smartwatch,6,491.56,0.05,2801.89,742.39
ORD-12135,2025-10-04,Customer 511,Consumer,West,Clothing,Sneakers,3,33.08,0.0,99.24,14.73
ORD-12998,2025-10-04,Customer 759,Consumer,South,Furniture,Desk,6,276.5,0.0,1659.0,564.55
ORD-10774,2025-10-05,Customer 99,Consumer,West,Electronics,Laptop,2,786.8,0.0,1573.6,165.68
ORD-11403,2025-10-05,Customer 307,Corporate,South,Home & Kitchen,Vacuum Cleaner,5,88.82,0.0,444.1,33.09
ORD-12098,2025-10-05,Customer 58,Consumer,North,Stationery,Backpack,1,22.6,0.05,21.47,7.1
ORD-12479,2025-10-05,Customer 152,Home Office,East,Clothing,T-Shirt,2,35.25,0.0,70.5,6.1
ORD-12985,2025-10-05,Customer 73,Consumer,West,Electronics,Headphones,5,493.03,0.0,2465.15,478.36
ORD-11519,2025-10-05,Customer 435,Consumer,West,Electronics,Headphones,7,309.9,0.0,2169.3,261.92
ORD-12485,2025-10-05,Customer 449,Home Office,Central,Electronics,Tablet,5,653.49,0.2,2613.96,685.37
ORD-11777,2025-10-06,Customer 565,Home Office,South,Electronics,Smartphone,4,870.04,0.15,2958.14,927.3
ORD-12955,2025-10-06,Customer 383,Consumer,North,Stationery,Desk Organizer,7,33.59,0.0,235.13,68.12
ORD-12941,2025-10-06,Customer 315,Consumer,South,Stationery,Pen Set,4,21.86,0.0,87.44,15.08
ORD-10499,2025-10-06,Customer 27,Consumer,South,Clothing,T-Shirt,1,23.99,0.0,23.99,5.87
ORD-10677,2025-10-07,Customer 755,Corporate,South,Stationery,Desk Organizer,3,15.83,0.05,45.12,6.29
ORD-11935,2025-10-07,Customer 23,Consumer,North,Home & Kitchen,Lamp,5,92.48,0.05,439.28,123.65
ORD-12846,2025-10-07,Customer 701,Consumer,West,Home & Kitchen,Cookware Set,1,185.31,0.1,166.78,26.48
ORD-11707,2025-10-07,Customer 750,Corporate,East,Stationery,Desk Organizer,4,36.32,0.2,116.22,22.75
ORD-10714,2025-10-08,Customer 786,Corporate,South,Clothing,Jacket,7,17.71,0.0,123.97,23.8
ORD-10169,2025-10-08,Customer 894,Consumer,East,Clothing,Sneakers,3,52.77,0.2,126.65,2.87
ORD-12604,2025-10-08,Customer 854,Consumer,South,Stationery,Whiteboard,6,15.26,0.1,82.4,11.96
ORD-12095,2025-10-08,Customer 702,Consumer,West,Clothing,Jacket,5,87.11,0.0,435.55,57.06
ORD-10024,2025-10-09,Customer 111,Home Office,West,Furniture,Office Chair,1,229.4,0.1,206.46,19.82
ORD-11849,2025-10-09,Customer 821,Consumer,Central,Electronics,Laptop,5,891.88,0.0,4459.4,932.46
ORD-11371,2025-10-09,Customer 730,Corporate,North,Electronics,Headphones,6,602.21,0.0,3613.26,848.6
ORD-11307,2025-10-09,Customer 432,Home Office,West,Clothing,Cap,5,79.86,0.2,319.44,94.81
ORD-11826,2025-10-09,Customer 423,Consumer,South,Electronics,Smartwatch,3,624.4,0.1,1685.88,315.77
ORD-10312,2025-10-10,Customer 489,Consumer,Central,Electronics,Smartphone,4,306.93,0.0,1227.72,298.49
ORD-11702,2025-10-10,Customer 13,Consumer,East,Clothing,Jeans,3,63.97,0.15,163.12,8.17
ORD-10408,2025-10-10,Customer 219,Consumer,South,Stationery,Backpack,1,3.97,0.0,3.97,0.62
ORD-10817,2025-10-10,Customer 615,Corporate,South,Furniture,Bed Frame,5,349.75,0.0,1748.75,316.01
ORD-12280,2025-10-11,Customer 640,Consumer,North,Home & Kitchen,Cookware Set,1,151.34,0.0,151.34,47.57
ORD-10438,2025-10-11,Customer 671,Home Office,South,Furniture,Bookshelf,6,239.14,0.0,1434.84,401.36
ORD-12925,2025-10-11,Customer 643,Corporate,West,Clothing,Jeans,1,38.64,0.0,38.64,7.96
ORD-11312,2025-10-11,Customer 699,Corporate,Central,Stationery,Notebook,3,25.64,0.15,65.38,8.45
ORD-12605,2025-10-11,Customer 746,Consumer,Central,Electronics,Smartphone,2,506.51,0.0,1013.02,199.5
ORD-10352,2025-10-12,Customer 247,Consumer,North,Furniture,Bookshelf,1,214.41,0.0,214.41,44.75
ORD-11481,2025-10-12,Customer 93,Corporate,West,Clothing,Jeans,1,65.83,0.0,65.83,3.63
ORD-12426,2025-10-12,Customer 341,Consumer,North,Home & Kitchen,Air Fryer,1,67.94,0.1,61.15,20.38
ORD-11009,2025-10-12,Customer 151,Consumer,Central,Stationery,Notebook,3,37.92,0.0,113.76,8.18
ORD-12666,2025-10-12,Customer 671,Consumer,East,Electronics,Smartphone,2,440.58,0.0,881.16,180.99
ORD-11406,2025-10-13,Customer 327,Consumer,North,Electronics,Headphones,6,643.76,0.0,3862.56,1338.02
ORD-12906,2025-10-13,Customer 623,Consumer,North,Home & Kitchen,Cookware Set,6,89.93,0.15,458.64,59.42
ORD-10298,2025-10-13,Customer 529,Corporate,East,Furniture,Sofa,1,673.32,0.05,639.65,115.87
ORD-11756,2025-10-14,Customer 85,Corporate,Central,Electronics,Tablet,7,541.4,0.15,3221.33,906.2
ORD-10728,2025-10-14,Customer 587,Corporate,South,Electronics,Headphones,6,369.43,0.0,2216.58,413.88
ORD-12790,2025-10-14,Customer 542,Consumer,West,Furniture,Desk,5,528.09,0.0,2640.45,834.11
ORD-10645,2025-10-14,Customer 742,Home Office,Central,Clothing,Cap,5,80.02,0.1,360.09,59.26
ORD-10411,2025-10-15,Customer 433,Consumer,South,Clothing,T-Shirt,7,54.85,0.05,364.75,91.22
ORD-11970,2025-10-15,Customer 229,Consumer,East,Furniture,Sofa,3,458.96,0.0,1376.88,356.43
ORD-11152,2025-10-16,Customer 774,Consumer,South,Furniture,Sofa,4,676.39,0.0,2705.56,461.29
ORD-10532,2025-10-16,Customer 854,Consumer,North,Clothing,T-Shirt,3,68.42,0.05,195.0,61.06
ORD-10493,2025-10-16,Customer 852,Home Office,North,Furniture,Desk,2,573.81,0.05,1090.24,271.34
ORD-11995,2025-10-16,Customer 422,Corporate,South,Stationery,Backpack,5,22.24,0.2,88.96,24.97
ORD-11815,2025-10-17,Customer 357,Consumer,East,Stationery,Backpack,5,36.1,0.0,180.5,26.79
ORD-11999,2025-10-18,Customer 91,Home Office,South,Electronics,Smartwatch,3,480.72,0.0,1442.16,364.32
ORD-10638,2025-10-19,Customer 404,Home Office,South,Stationery,Backpack,5,17.98,0.0,89.9,5.52
ORD-11380,2025-10-19,Customer 83,Consumer,North,Electronics,Smartphone,6,317.37,0.0,1904.22,381.82
ORD-11694,2025-10-20,Customer 685,Corporate,West,Clothing,Jeans,3,19.51,0.0,58.53,18.32
ORD-11930,2025-10-20,Customer 890,Home Office,North,Clothing,Sneakers,2,15.72,0.0,31.44,5.3
ORD-10012,2025-10-20,Customer 272,Consumer,North,Home & Kitchen,Vacuum Cleaner,2,85.49,0.0,170.98,27.11
ORD-10922,2025-10-20,Customer 300,Consumer,North,Electronics,Headphones,2,98.26,0.2,157.22,26.8
ORD-12632,2025-10-21,Customer 240,Corporate,West,Furniture,Desk,1,403.89,0.0,403.89,103.93
ORD-12211,2025-10-21,Customer 325,Corporate,Central,Furniture,Bookshelf,2,673.99,0.0,1347.98,250.41
ORD-11580,2025-10-21,Customer 255,Corporate,North,Stationery,Desk Organizer,7,34.02,0.0,238.14,51.67
ORD-10642,2025-10-21,Customer 93,Corporate,East,Clothing,Jacket,4,26.12,0.1,94.03,18.22
ORD-11975,2025-10-21,Customer 196,Home Office,South,Electronics,Laptop,7,664.11,0.0,4648.77,510.36
ORD-12540,2025-10-22,Customer 683,Consumer,Central,Electronics,Headphones,7,643.62,0.0,4505.34,1553.44
ORD-10924,2025-10-22,Customer 795,Consumer,East,Electronics,Smartphone,3,66.02,0.05,188.16,26.25
ORD-12464,2025-10-22,Customer 91,Corporate,Central,Electronics,Smartwatch,4,94.21,0.0,376.84,96.0
ORD-11682,2025-10-22,Customer 152,Home Office,East,Stationery,Whiteboard,6,19.36,0.0,116.16,27.44
ORD-10938,2025-10-23,Customer 331,Consumer,Central,Electronics,Smartwatch,4,708.15,0.0,2832.6,576.46
ORD-12970,2025-10-23,Customer 768,Corporate,East,Clothing,Jeans,2,34.84,0.0,69.68,4.17
ORD-12481,2025-10-23,Customer 303,Corporate,Central,Electronics,Smartwatch,5,124.19,0.05,589.9,155.32
ORD-11787,2025-10-25,Customer 207,Home Office,East,Stationery,Desk Organizer,6,34.42,0.0,206.52,55.94
ORD-12695,2025-10-25,Customer 196,Corporate,East,Clothing,Cap,7,27.27,0.0,190.89,13.47
ORD-12334,2025-10-25,Customer 799,Corporate,South,Home & Kitchen,Lamp,6,156.02,0.0,936.12,185.67
ORD-11871,2025-10-25,Customer 99,Home Office,West,Clothing,T-Shirt,4,25.07,0.0,100.28,7.38
ORD-11586,2025-10-25,Customer 525,Consumer,West,Home & Kitchen,Air Fryer,7,150.39,0.0,1052.73,70.34
ORD-12544,2025-10-26,Customer 517,Corporate,West,Furniture,Bookshelf,2,501.44,0.2,802.3,148.19
ORD-11285,2025-10-27,Customer 77,Corporate,West,Home & Kitchen,Blender,7,122.98,0.0,860.86,245.04
ORD-11632,2025-10-27,Customer 56,Consumer,West,Electronics,Tablet,1,141.07,0.0,141.07,13.7
ORD-12202,2025-10-27,Customer 284,Corporate,North,Clothing,T-Shirt,3,78.69,0.0,236.07,68.4
ORD-10165,2025-10-27,Customer 754,Consumer,South,Clothing,Jeans,2,73.58,0.0,147.16,20.77
ORD-10869,2025-10-27,Customer 10,Consumer,South,Clothing,Sneakers,6,28.79,0.0,172.74,21.91
ORD-11276,2025-10-27,Customer 268,Consumer,North,Clothing,Sneakers,6,49.55,0.2,237.84,23.36
ORD-10363,2025-10-28,Customer 255,Corporate,East,Furniture,Office Chair,6,278.68,0.0,1672.08,175.56
ORD-11045,2025-10-28,Customer 854,Consumer,Central,Home & Kitchen,Blender,2,35.61,0.0,71.22,9.05
ORD-12707,2025-10-28,Customer 286,Corporate,West,Clothing,Sneakers,7,13.21,0.05,87.85,10.47
ORD-11140,2025-10-28,Customer 699,Home Office,North,Stationery,Backpack,7,15.47,0.0,108.29,29.47
ORD-10778,2025-10-28,Customer 450,Consumer,Central,Home & Kitchen,Air Fryer,7,65.62,0.0,459.34,152.88
ORD-12646,2025-10-29,Customer 408,Corporate,North,Electronics,Laptop,4,217.17,0.0,868.68,48.86
ORD-10685,2025-10-29,Customer 428,Consumer,West,Stationery,Backpack,4,24.26,0.0,97.04,6.81
ORD-10449,2025-10-30,Customer 190,Consumer,Central,Home & Kitchen,Lamp,3,92.66,0.0,277.98,45.59
ORD-11633,2025-10-30,Customer 664,Corporate,West,Home & Kitchen,Lamp,2,148.85,0.15,253.04,63.25
ORD-10762,2025-10-30,Customer 437,Corporate,East,Electronics,Smartphone,6,155.28,0.0,931.68,172.99
ORD-10583,2025-10-31,Customer 395,Home Office,East,Clothing,Cap,2,50.59,0.0,101.18,25.06
ORD-11317,2025-10-31,Customer 720,Consumer,West,Furniture,Bed Frame,5,346.34,0.1,1558.53,93.53
ORD-11843,2025-10-31,Customer 453,Corporate,South,Stationery,Notebook,5,9.53,0.0,47.65,14.22
ORD-12336,2025-11-01,Customer 314,Consumer,North,Home & Kitchen,Cookware Set,3,170.52,0.0,511.56,109.09
ORD-10211,2025-11-01,Customer 28,Consumer,East,Electronics,Smartwatch,6,786.68,0.0,4720.08,1574.36
ORD-12680,2025-11-02,Customer 729,Home Office,West,Clothing,Jacket,6,20.88,0.0,125.28,7.86
ORD-11292,2025-11-02,Customer 566,Home Office,South,Clothing,Cap,5,25.36,0.0,126.8,12.97
ORD-10290,2025-11-02,Customer 294,Corporate,South,Furniture,Sofa,3,366.58,0.0,1099.74,137.75
ORD-11047,2025-11-02,Customer 712,Corporate,West,Clothing,Sneakers,2,66.82,0.0,133.64,33.85
ORD-12701,2025-11-02,Customer 164,Consumer,West,Furniture,Bed Frame,4,316.48,0.05,1202.62,231.52
ORD-11652,2025-11-02,Customer 121,Consumer,East,Electronics,Tablet,2,617.44,0.1,1111.39,146.18
ORD-10060,2025-11-03,Customer 632,Corporate,East,Electronics,Headphones,5,535.25,0.0,2676.25,657.63
ORD-11512,2025-11-03,Customer 890,Consumer,North,Clothing,Cap,5,59.74,0.15,253.89,78.14
ORD-12348,2025-11-03,Customer 442,Corporate,South,Clothing,T-Shirt,3,26.28,0.15,67.01,12.03
ORD-10755,2025-11-04,Customer 311,Corporate,Central,Clothing,Jacket,7,46.82,0.05,311.35,107.2
ORD-10161,2025-11-04,Customer 669,Corporate,North,Home & Kitchen,Vacuum Cleaner,3,19.91,0.1,53.76,10.69
ORD-12716,2025-11-04,Customer 204,Consumer,Central,Electronics,Smartwatch,7,441.13,0.05,2933.51,744.05
ORD-10652,2025-11-04,Customer 222,Corporate,East,Furniture,Sofa,2,540.39,0.0,1080.78,170.05
ORD-10664,2025-11-05,Customer 322,Home Office,Central,Home & Kitchen,Lamp,1,126.19,0.0,126.19,31.22
ORD-11755,2025-11-05,Customer 350,Consumer,South,Clothing,Jeans,7,37.35,0.0,261.45,82.59
ORD-12046,2025-11-05,Customer 142,Corporate,South,Electronics,Smartphone,2,390.88,0.1,703.58,126.31
ORD-10946,2025-11-05,Customer 741,Consumer,West,Clothing,Sneakers,1,29.27,0.0,29.27,7.95
ORD-12085,2025-11-05,Customer 131,Home Office,South,Home & Kitchen,Vacuum Cleaner,5,42.23,0.05,200.59,37.37
ORD-12764,2025-11-06,Customer 738,Corporate,South,Home & Kitchen,Cookware Set,4,95.92,0.0,383.68,114.33
ORD-12021,2025-11-07,Customer 436,Corporate,North,Clothing,Jacket,1,53.05,0.05,50.4,15.4
ORD-12909,2025-11-07,Customer 498,Consumer,East,Electronics,Smartwatch,3,734.44,0.0,2203.32,495.73
ORD-10066,2025-11-07,Customer 752,Consumer,North,Clothing,Sneakers,3,23.27,0.2,55.85,7.11
ORD-10451,2025-11-07,Customer 438,Consumer,North,Home & Kitchen,Vacuum Cleaner,6,93.76,0.0,562.56,44.09
ORD-12467,2025-11-07,Customer 746,Home Office,South,Stationery,Desk Organizer,2,29.91,0.0,59.82,16.65
ORD-12126,2025-11-07,Customer 379,Corporate,East,Clothing,Sneakers,6,49.73,0.05,283.46,92.9
ORD-11650,2025-11-08,Customer 892,Consumer,Central,Furniture,Office Chair,1,404.03,0.0,404.03,114.49
ORD-11135,2025-11-08,Customer 282,Home Office,West,Electronics,Tablet,3,98.98,0.15,252.4,79.53
ORD-11031,2025-11-08,Customer 870,Home Office,North,Furniture,Bed Frame,5,486.6,0.0,2433.0,524.17
ORD-12490,2025-11-08,Customer 221,Corporate,North,Furniture,Office Chair,6,631.83,0.1,3411.88,1083.37
ORD-11641,2025-11-08,Customer 792,Consumer,West,Furniture,Bed Frame,1,265.48,0.0,265.48,32.69
ORD-11767,2025-11-08,Customer 303,Consumer,West,Electronics,Smartwatch,7,576.15,0.05,3831.4,979.11
ORD-11398,2025-11-09,Customer 797,Consumer,West,Home & Kitchen,Blender,5,28.72,0.0,143.6,8.69
ORD-10214,2025-11-09,Customer 730,Consumer,East,Clothing,Jeans,6,81.04,0.0,486.24,108.71
ORD-12808,2025-11-09,Customer 62,Consumer,East,Clothing,Sneakers,4,37.39,0.05,142.08,9.02
ORD-10223,2025-11-10,Customer 433,Consumer,West,Home & Kitchen,Vacuum Cleaner,5,110.4,0.15,469.2,87.93
ORD-11542,2025-11-10,Customer 176,Home Office,Central,Furniture,Sofa,7,503.94,0.0,3527.58,920.05
ORD-12627,2025-11-10,Customer 70,Corporate,West,Stationery,Desk Organizer,6,6.42,0.1,34.67,5.49
ORD-10184,2025-11-10,Customer 414,Corporate,East,Home & Kitchen,Lamp,4,151.27,0.0,605.08,165.53
ORD-10153,2025-11-10,Customer 104,Consumer,Central,Stationery,Whiteboard,1,6.97,0.0,6.97,0.6
ORD-11166,2025-11-10,Customer 575,Consumer,North,Home & Kitchen,Vacuum Cleaner,1,115.17,0.2,92.14,13.26
ORD-11595,2025-11-10,Customer 890,Corporate,West,Stationery,Notebook,5,6.56,0.2,26.24,-0.0
ORD-11721,2025-11-10,Customer 681,Corporate,South,Clothing,Jacket,4,86.81,0.0,347.24,94.85
ORD-10203,2025-11-10,Customer 704,Consumer,South,Electronics,Smartphone,4,596.97,0.0,2387.88,776.58
ORD-10164,2025-11-11,Customer 508,Home Office,South,Electronics,Laptop,2,464.68,0.2,743.49,167.61
ORD-10786,2025-11-11,Customer 475,Corporate,North,Stationery,Notebook,5,15.63,0.05,74.24,21.15
ORD-10871,2025-11-11,Customer 345,Home Office,West,Clothing,Cap,5,81.71,0.05,388.12,46.17
ORD-12131,2025-11-11,Customer 395,Consumer,Central,Electronics,Smartwatch,1,612.7,0.0,612.7,174.23
ORD-11806,2025-11-11,Customer 203,Corporate,East,Furniture,Bed Frame,3,427.6,0.0,1282.8,373.38
ORD-10177,2025-11-12,Customer 182,Corporate,East,Stationery,Notebook,6,26.16,0.1,141.26,33.24
ORD-11325,2025-11-12,Customer 71,Corporate,North,Furniture,Bookshelf,1,284.38,0.0,284.38,74.92
ORD-11753,2025-11-12,Customer 161,Corporate,South,Clothing,Sneakers,3,35.14,0.2,84.34,4.14
ORD-11506,2025-11-12,Customer 607,Consumer,Central,Clothing,Sneakers,4,48.66,0.0,194.64,59.0
ORD-12596,2025-11-12,Customer 193,Home Office,West,Clothing,T-Shirt,1,52.98,0.05,50.33,13.1
ORD-12555,2025-11-12,Customer 446,Consumer,South,Stationery,Pen Set,3,10.82,0.0,32.46,7.07
ORD-11471,2025-11-13,Customer 552,Consumer,East,Furniture,Desk,4,486.88,0.15,1655.39,314.58
ORD-12895,2025-11-13,Customer 229,Consumer,Central,Electronics,Headphones,2,397.2,0.2,635.52,60.06
ORD-10031,2025-11-13,Customer 780,Consumer,South,Furniture,Bed Frame,7,484.2,0.0,3389.4,421.48
ORD-11627,2025-11-13,Customer 804,Corporate,South,Clothing,Jacket,4,62.46,0.2,199.87,58.4
ORD-12016,2025-11-14,Customer 431,Corporate,Central,Clothing,Sneakers,6,76.18,0.05,434.23,69.22
ORD-10640,2025-11-14,Customer 365,Home Office,North,Electronics,Headphones,2,828.97,0.0,1657.94,437.27
ORD-12582,2025-11-14,Customer 482,Home Office,Central,Clothing,Jeans,1,88.24,0.05,83.83,18.58
ORD-11185,2025-11-14,Customer 86,Home Office,North,Electronics,Tablet,4,785.09,0.0,3140.36,578.99
ORD-11155,2025-11-14,Customer 507,Corporate,South,Home & Kitchen,Air Fryer,2,47.85,0.15,81.34,16.28
ORD-10089,2025-11-14,Customer 59,Consumer,Central,Electronics,Laptop,5,266.7,0.0,1333.5,273.14
ORD-12984,2025-11-14,Customer 113,Consumer,West,Electronics,Smartwatch,5,378.25,0.1,1702.12,184.43
ORD-11202,2025-11-15,Customer 447,Consumer,East,Furniture,Bed Frame,3,643.9,0.0,1931.7,395.13
ORD-10596,2025-11-15,Customer 572,Consumer,North,Furniture,Sofa,7,354.37,0.0,2480.59,306.01
ORD-10181,2025-11-15,Customer 534,Consumer,East,Clothing,Jeans,6,15.35,0.0,92.1,22.22
ORD-10380,2025-11-16,Customer 298,Corporate,Central,Home & Kitchen,Lamp,5,140.06,0.0,700.3,74.24
ORD-11705,2025-11-16,Customer 295,Consumer,East,Home & Kitchen,Vacuum Cleaner,4,172.61,0.05,655.92,208.51
ORD-10240,2025-11-16,Customer 657,Corporate,East,Electronics,Smartwatch,5,123.01,0.1,553.55,106.14
ORD-12389,2025-11-16,Customer 226,Home Office,South,Clothing,Sneakers,6,29.07,0.0,174.42,16.83
ORD-10401,2025-11-16,Customer 435,Corporate,West,Home & Kitchen,Lamp,2,166.67,0.0,333.34,49.05
ORD-10436,2025-11-17,Customer 814,Corporate,West,Clothing,Jeans,1,50.31,0.0,50.31,17.21
ORD-10104,2025-11-17,Customer 161,Consumer,South,Home & Kitchen,Blender,2,192.89,0.0,385.78,118.7
ORD-11703,2025-11-17,Customer 680,Consumer,North,Clothing,Cap,5,86.24,0.0,431.2,77.16
ORD-11764,2025-11-17,Customer 188,Corporate,East,Stationery,Whiteboard,4,18.3,0.15,62.22,8.68
ORD-10129,2025-11-17,Customer 255,Consumer,West,Electronics,Tablet,2,176.47,0.05,335.29,108.33
ORD-11098,2025-11-17,Customer 744,Home Office,Central,Clothing,Jeans,7,41.21,0.0,288.47,40.22
ORD-10229,2025-11-17,Customer 289,Corporate,Central,Stationery,Backpack,1,12.96,0.0,12.96,2.83
ORD-12051,2025-11-18,Customer 832,Consumer,Central,Home & Kitchen,Vacuum Cleaner,6,22.05,0.2,105.84,4.33
ORD-11362,2025-11-18,Customer 775,Corporate,North,Stationery,Pen Set,5,37.41,0.15,158.99,25.8
ORD-10006,2025-11-18,Customer 349,Home Office,West,Furniture,Bookshelf,6,578.95,0.0,3473.7,884.92
ORD-11949,2025-11-18,Customer 860,Consumer,North,Clothing,Sneakers,7,16.24,0.0,113.68,5.76
ORD-11115,2025-11-18,Customer 328,Consumer,East,Home & Kitchen,Air Fryer,1,197.09,0.0,197.09,37.91
ORD-12831,2025-11-18,Customer 217,Corporate,South,Electronics,Headphones,4,657.84,0.0,2631.36,459.19
ORD-10951,2025-11-19,Customer 385,Home Office,North,Electronics,Smartwatch,7,634.6,0.0,4442.2,1386.37
ORD-11209,2025-11-19,Customer 673,Consumer,West,Furniture,Desk,2,616.92,0.1,1110.46,68.58
ORD-11943,2025-11-20,Customer 741,Consumer,West,Electronics,Tablet,3,302.14,0.05,861.1,201.78
ORD-10331,2025-11-20,Customer 638,Consumer,West,Clothing,Jacket,4,74.98,0.0,299.92,95.3
ORD-11924,2025-11-20,Customer 893,Corporate,South,Furniture,Sofa,2,653.99,0.0,1307.98,276.99
ORD-11100,2025-11-20,Customer 348,Home Office,West,Furniture,Bed Frame,1,99.78,0.15,84.81,3.83
ORD-12233,2025-11-20,Customer 165,Consumer,East,Stationery,Whiteboard,5,12.7,0.0,63.5,7.09
ORD-12644,2025-11-21,Customer 515,Corporate,East,Furniture,Office Chair,4,334.84,0.15,1138.46,176.2
ORD-12115,2025-11-21,Customer 810,Home Office,North,Stationery,Pen Set,1,3.21,0.0,3.21,0.7
ORD-10801,2025-11-22,Customer 466,Consumer,West,Stationery,Backpack,6,37.15,0.0,222.9,67.7
ORD-12169,2025-11-24,Customer 891,Consumer,South,Home & Kitchen,Air Fryer,5,192.91,0.0,964.55,164.38
ORD-10647,2025-11-24,Customer 299,Consumer,West,Clothing,T-Shirt,6,58.68,0.0,352.08,108.72
ORD-10627,2025-11-24,Customer 497,Consumer,West,Furniture,Office Chair,6,423.66,0.0,2541.96,462.24
ORD-11896,2025-11-24,Customer 861,Consumer,South,Furniture,Sofa,3,447.94,0.0,1343.82,468.81
ORD-10933,2025-11-24,Customer 50,Consumer,West,Electronics,Tablet,3,410.56,0.15,1046.93,330.61
ORD-11601,2025-11-25,Customer 776,Consumer,East,Home & Kitchen,Cookware Set,6,39.21,0.1,211.73,32.88
ORD-11132,2025-11-25,Customer 700,Consumer,West,Furniture,Desk,7,517.05,0.1,3257.41,367.43
ORD-12794,2025-11-25,Customer 866,Corporate,East,Furniture,Bookshelf,3,359.14,0.0,1077.42,285.78
ORD-12703,2025-11-25,Customer 111,Home Office,West,Stationery,Backpack,3,29.72,0.1,80.24,11.37
ORD-12302,2025-11-26,Customer 519,Consumer,East,Home & Kitchen,Cookware Set,7,170.61,0.05,1134.56,314.38
ORD-11803,2025-11-26,Customer 314,Corporate,West,Furniture,Office Chair,6,393.1,0.1,2122.74,498.92
ORD-11305,2025-11-26,Customer 716,Consumer,North,Electronics,Smartwatch,5,224.58,0.0,1122.9,311.17
ORD-11748,2025-11-26,Customer 501,Corporate,West,Home & Kitchen,Vacuum Cleaner,3,43.99,0.0,131.97,20.03
ORD-11074,2025-11-26,Customer 404,Corporate,West,Home & Kitchen,Blender,4,48.23,0.1,173.63,53.81
ORD-11069,2025-11-26,Customer 247,Consumer,East,Furniture,Desk,1,553.18,0.0,553.18,83.28
ORD-10042,2025-11-27,Customer 863,Home Office,West,Electronics,Smartwatch,7,175.42,0.1,1105.15,252.09
ORD-12458,2025-11-27,Customer 572,Consumer,West,Electronics,Tablet,7,662.07,0.05,4402.77,525.21
ORD-11477,2025-11-27,Customer 895,Consumer,North,Furniture,Sofa,7,425.1,0.0,2975.7,1032.58
ORD-12983,2025-11-27,Customer 407,Corporate,West,Stationery,Desk Organizer,4,3.37,0.0,13.48,1.29
ORD-10659,2025-11-27,Customer 837,Consumer,West,Electronics,Headphones,3,442.65,0.0,1327.95,220.84
ORD-11524,2025-11-28,Customer 72,Consumer,North,Home & Kitchen,Vacuum Cleaner,7,38.22,0.1,240.79,68.28
ORD-11518,2025-11-28,Customer 567,Home Office,West,Home & Kitchen,Air Fryer,1,190.58,0.2,152.46,44.31
ORD-11459,2025-11-28,Customer 644,Consumer,North,Furniture,Sofa,4,543.76,0.1,1957.54,560.94
ORD-11766,2025-11-28,Customer 133,Consumer,West,Stationery,Pen Set,6,31.63,0.05,180.29,29.12
ORD-12448,2025-11-28,Customer 604,Corporate,Central,Home & Kitchen,Air Fryer,2,171.72,0.0,343.44,93.5
ORD-11298,2025-11-28,Customer 128,Consumer,West,Electronics,Tablet,1,799.01,0.0,799.01,130.62
ORD-11711,2025-11-28,Customer 53,Home Office,West,Home & Kitchen,Vacuum Cleaner,4,84.79,0.2,271.33,76.8
ORD-11992,2025-11-28,Customer 424,Home Office,North,Stationery,Desk Organizer,6,14.44,0.05,82.31,20.81
ORD-10402,2025-11-28,Customer 575,Consumer,North,Furniture,Office Chair,6,198.25,0.0,1189.5,209.73
ORD-11169,2025-11-28,Customer 327,Consumer,West,Electronics,Tablet,5,77.25,0.0,386.25,79.75
ORD-10934,2025-11-29,Customer 105,Home Office,East,Home & Kitchen,Blender,3,121.74,0.0,365.22,72.71
ORD-11055,2025-11-29,Customer 541,Corporate,West,Electronics,Smartwatch,2,846.32,0.0,1692.64,429.7
ORD-10902,2025-11-29,Customer 483,Consumer,Central,Stationery,Notebook,7,34.09,0.1,214.77,46.07
ORD-10886,2025-11-29,Customer 633,Corporate,East,Stationery,Pen Set,4,13.73,0.1,49.43,9.37
ORD-12855,2025-11-30,Customer 277,Corporate,East,Furniture,Bookshelf,1,158.71,0.0,158.71,20.04
ORD-12167,2025-11-30,Customer 428,Corporate,South,Stationery,Backpack,7,38.27,0.2,214.31,38.56
ORD-10554,2025-12-01,Customer 211,Corporate,West,Clothing,Sneakers,6,64.51,0.0,387.06,108.83
ORD-10650,2025-12-01,Customer 357,Corporate,South,Furniture,Desk,1,293.92,0.0,293.92,95.64
ORD-11696,2025-12-02,Customer 396,Home Office,Central,Clothing,Jacket,6,45.71,0.0,274.26,24.0
ORD-11530,2025-12-02,Customer 632,Consumer,West,Electronics,Laptop,2,276.69,0.0,553.38,151.76
ORD-10013,2025-12-02,Customer 872,Corporate,Central,Stationery,Notebook,6,12.84,0.1,69.34,18.38
ORD-12966,2025-12-03,Customer 505,Home Office,West,Home & Kitchen,Air Fryer,1,139.58,0.0,139.58,24.76
ORD-12981,2025-12-03,Customer 804,Consumer,Central,Electronics,Headphones,6,581.44,0.0,3488.64,524.02
ORD-12535,2025-12-03,Customer 595,Consumer,West,Clothing,Sneakers,3,85.39,0.1,230.55,40.9
ORD-10543,2025-12-03,Customer 746,Corporate,West,Furniture,Desk,6,431.76,0.0,2590.56,359.87
ORD-11211,2025-12-03,Customer 451,Consumer,Central,Electronics,Smartwatch,7,658.53,0.0,4609.71,1210.34
ORD-10333,2025-12-03,Customer 726,Corporate,Central,Electronics,Smartphone,7,490.32,0.0,3432.24,594.13
ORD-11223,2025-12-03,Customer 640,Consumer,North,Furniture,Bookshelf,2,526.85,0.0,1053.7,64.27
ORD-10085,2025-12-04,Customer 818,Consumer,South,Stationery,Whiteboard,7,15.04,0.0,105.28,28.71
ORD-12931,2025-12-05,Customer 319,Consumer,East,Home & Kitchen,Air Fryer,5,153.18,0.0,765.9,230.76
ORD-10802,2025-12-05,Customer 756,Home Office,West,Furniture,Office Chair,1,228.98,0.0,228.98,22.44
ORD-12355,2025-12-05,Customer 641,Consumer,West,Electronics,Tablet,7,583.45,0.1,3675.74,961.63
ORD-10929,2025-12-05,Customer 815,Consumer,Central,Clothing,Jacket,5,39.69,0.1,178.6,52.39
ORD-12141,2025-12-05,Customer 704,Consumer,North,Clothing,Sneakers,3,83.7,0.0,251.1,30.88
ORD-11409,2025-12-05,Customer 364,Consumer,Central,Clothing,Jacket,1,55.58,0.0,55.58,17.13
ORD-12436,2025-12-05,Customer 54,Corporate,West,Home & Kitchen,Lamp,5,112.55,0.0,562.75,82.13
ORD-10174,2025-12-06,Customer 326,Consumer,West,Clothing,Cap,2,40.91,0.0,81.82,6.29
ORD-11245,2025-12-06,Customer 595,Corporate,West,Electronics,Headphones,5,285.23,0.15,1212.23,277.31
ORD-11923,2025-12-06,Customer 774,Consumer,North,Home & Kitchen,Air Fryer,1,139.41,0.0,139.41,42.91
ORD-12713,2025-12-07,Customer 634,Corporate,West,Electronics,Smartphone,3,166.23,0.0,498.69,71.12
ORD-12107,2025-12-07,Customer 390,Home Office,East,Furniture,Bed Frame,3,131.27,0.1,354.43,50.93
ORD-11531,2025-12-07,Customer 844,Consumer,North,Electronics,Laptop,4,523.22,0.0,2092.88,522.85
ORD-11001,2025-12-08,Customer 680,Consumer,East,Clothing,Cap,7,30.37,0.0,212.59,12.79
ORD-12613,2025-12-08,Customer 547,Home Office,Central,Clothing,Cap,7,49.45,0.15,294.23,46.63
ORD-12901,2025-12-08,Customer 521,Consumer,West,Clothing,Jeans,5,66.36,0.0,331.8,90.07
ORD-10828,2025-12-08,Customer 749,Consumer,Central,Home & Kitchen,Blender,1,133.93,0.0,133.93,39.63
ORD-11275,2025-12-09,Customer 101,Corporate,East,Furniture,Office Chair,4,381.13,0.1,1372.07,243.9
ORD-11127,2025-12-09,Customer 122,Home Office,South,Home & Kitchen,Air Fryer,5,85.45,0.0,427.25,22.18
ORD-12724,2025-12-09,Customer 730,Home Office,West,Clothing,Jacket,7,62.81,0.05,417.69,129.18
ORD-12466,2025-12-10,Customer 571,Consumer,East,Home & Kitchen,Cookware Set,3,151.25,0.0,453.75,29.27
ORD-12789,2025-12-10,Customer 6,Corporate,West,Electronics,Smartphone,7,217.42,0.2,1217.55,65.73
ORD-10688,2025-12-10,Customer 10,Corporate,East,Furniture,Sofa,7,461.03,0.0,3227.21,872.81
ORD-12776,2025-12-10,Customer 252,Consumer,South,Clothing,Jacket,6,69.33,0.0,415.98,65.0
ORD-12753,2025-12-10,Customer 110,Corporate,West,Home & Kitchen,Lamp,6,56.82,0.0,340.92,91.44
ORD-12940,2025-12-11,Customer 892,Consumer,South,Stationery,Desk Organizer,1,26.96,0.1,24.26,2.88
ORD-11273,2025-12-11,Customer 241,Corporate,North,Home & Kitchen,Vacuum Cleaner,4,134.73,0.0,538.92,30.68
ORD-11078,2025-12-11,Customer 792,Corporate,East,Electronics,Smartphone,7,823.95,0.1,5190.89,1804.69
ORD-10028,2025-12-12,Customer 23,Consumer,West,Stationery,Pen Set,4,37.22,0.0,148.88,35.76
ORD-10629,2025-12-12,Customer 507,Home Office,North,Electronics,Laptop,1,582.04,0.0,582.04,191.39
ORD-11339,2025-12-12,Customer 416,Home Office,Central,Stationery,Backpack,4,33.3,0.0,133.2,21.98
ORD-10394,2025-12-13,Customer 298,Consumer,West,Furniture,Bookshelf,1,253.96,0.0,253.96,74.55
ORD-12484,2025-12-13,Customer 61,Consumer,West,Clothing,Sneakers,5,16.45,0.0,82.25,11.5
ORD-11967,2025-12-14,Customer 630,Consumer,South,Electronics,Laptop,1,234.98,0.05,223.23,68.85
ORD-11324,2025-12-15,Customer 621,Consumer,North,Clothing,Cap,5,61.92,0.0,309.6,72.25
ORD-10937,2025-12-15,Customer 496,Corporate,West,Home & Kitchen,Blender,4,41.34,0.0,165.36,57.45
ORD-10883,2025-12-16,Customer 644,Consumer,West,Home & Kitchen,Air Fryer,7,142.81,0.0,999.67,108.66
ORD-11603,2025-12-16,Customer 772,Consumer,South,Home & Kitchen,Blender,3,152.86,0.0,458.58,133.04
ORD-11194,2025-12-16,Customer 663,Home Office,North,Furniture,Sofa,1,103.37,0.0,103.37,19.21
ORD-10433,2025-12-16,Customer 533,Corporate,North,Home & Kitchen,Blender,5,57.23,0.0,286.15,40.37
ORD-10196,2025-12-16,Customer 249,Home Office,North,Home & Kitchen,Cookware Set,7,58.52,0.2,327.71,37.4
ORD-12230,2025-12-16,Customer 47,Consumer,North,Stationery,Whiteboard,7,32.42,0.0,226.94,12.35
ORD-10576,2025-12-17,Customer 385,Consumer,South,Electronics,Laptop,4,132.62,0.0,530.48,81.65
ORD-10053,2025-12-17,Customer 695,Home Office,Central,Electronics,Tablet,1,839.35,0.05,797.38,240.33
ORD-12265,2025-12-17,Customer 888,Corporate,South,Stationery,Whiteboard,1,21.81,0.0,21.81,3.69
ORD-10879,2025-12-17,Customer 61,Corporate,South,Clothing,Cap,2,38.55,0.0,77.1,9.88
ORD-10520,2025-12-18,Customer 19,Consumer,East,Home & Kitchen,Lamp,3,173.08,0.0,519.24,150.61
ORD-12791,2025-12-18,Customer 195,Home Office,South,Electronics,Headphones,1,676.58,0.0,676.58,79.71
ORD-12442,2025-12-18,Customer 302,Corporate,North,Clothing,T-Shirt,1,14.6,0.15,12.41,-1.3
ORD-10707,2025-12-18,Customer 79,Corporate,North,Home & Kitchen,Vacuum Cleaner,7,148.93,0.2,834.01,285.49
ORD-10105,2025-12-19,Customer 465,Home Office,East,Home & Kitchen,Lamp,3,85.12,0.05,242.59,65.34
ORD-10720,2025-12-19,Customer 38,Home Office,South,Home & Kitchen,Cookware Set,3,106.11,0.0,318.33,31.01
ORD-10631,2025-12-19,Customer 410,Consumer,North,Electronics,Laptop,3,555.21,0.0,1665.63,578.57
ORD-10646,2025-12-20,Customer 273,Corporate,West,Electronics,Smartwatch,3,864.38,0.2,2074.51,334.21
ORD-11384,2025-12-20,Customer 159,Corporate,South,Clothing,Cap,4,54.87,0.0,219.48,25.61
ORD-12587,2025-12-20,Customer 546,Consumer,North,Home & Kitchen,Vacuum Cleaner,4,74.38,0.05,282.64,58.48
ORD-11205,2025-12-20,Customer 324,Consumer,South,Electronics,Tablet,5,646.48,0.0,3232.4,264.19
ORD-11193,2025-12-20,Customer 19,Home Office,North,Stationery,Desk Organizer,6,14.87,0.0,89.22,16.2
ORD-12507,2025-12-20,Customer 293,Corporate,West,Clothing,Sneakers,5,42.95,0.0,214.75,35.09
ORD-10220,2025-12-20,Customer 122,Corporate,East,Clothing,Jeans,7,59.88,0.05,398.2,100.52
ORD-11418,2025-12-20,Customer 375,Home Office,East,Electronics,Headphones,5,623.41,0.0,3117.05,511.81
ORD-12845,2025-12-21,Customer 807,Home Office,West,Electronics,Tablet,6,667.65,0.0,4005.9,1331.57
ORD-12620,2025-12-21,Customer 455,Corporate,North,Clothing,Jacket,2,52.47,0.0,104.94,6.74
ORD-11959,2025-12-21,Customer 474,Corporate,South,Clothing,Jeans,1,28.2,0.0,28.2,1.44
ORD-12397,2025-12-21,Customer 195,Consumer,West,Clothing,Cap,1,33.33,0.0,33.33,3.65
ORD-11035,2025-12-22,Customer 857,Consumer,North,Stationery,Desk Organizer,3,5.92,0.15,15.1,-1.27
ORD-11300,2025-12-22,Customer 149,Home Office,South,Electronics,Laptop,5,570.1,0.0,2850.5,989.07
ORD-12820,2025-12-22,Customer 490,Consumer,Central,Home & Kitchen,Air Fryer,2,45.07,0.0,90.14,30.58
ORD-11656,2025-12-22,Customer 811,Home Office,East,Home & Kitchen,Lamp,7,63.66,0.0,445.62,152.98
ORD-11340,2025-12-23,Customer 499,Home Office,West,Stationery,Desk Organizer,5,38.06,0.0,190.3,65.9
ORD-11484,2025-12-23,Customer 295,Corporate,North,Stationery,Pen Set,4,9.53,0.1,34.31,10.67
ORD-11793,2025-12-23,Customer 101,Corporate,North,Clothing,Sneakers,1,16.55,0.2,13.24,-3.02
ORD-12121,2025-12-23,Customer 756,Consumer,North,Furniture,Bookshelf,3,216.2,0.0,648.6,193.8
ORD-11173,2025-12-24,Customer 652,Corporate,South,Clothing,Cap,6,20.96,0.0,125.76,40.74
ORD-11515,2025-12-24,Customer 678,Corporate,South,Electronics,Smartphone,4,690.7,0.0,2762.8,568.07
ORD-10337,2025-12-24,Customer 717,Consumer,West,Home & Kitchen,Blender,3,178.18,0.1,481.09,124.86
ORD-11356,2025-12-24,Customer 531,Home Office,West,Furniture,Sofa,4,533.7,0.1,1921.32,435.74
ORD-11693,2025-12-24,Customer 455,Home Office,West,Home & Kitchen,Vacuum Cleaner,1,83.81,0.0,83.81,7.04
ORD-10193,2025-12-24,Customer 801,Home Office,West,Stationery,Notebook,1,35.3,0.0,35.3,6.02
ORD-10603,2025-12-24,Customer 195,Consumer,South,Stationery,Pen Set,6,15.63,0.0,93.78,24.85
ORD-10943,2025-12-25,Customer 336,Consumer,East,Clothing,Jeans,5,47.04,0.05,223.44,40.32
ORD-10306,2025-12-25,Customer 855,Consumer,West,Clothing,Jeans,6,64.64,0.1,349.06,46.48
ORD-12553,2025-12-25,Customer 453,Corporate,West,Home & Kitchen,Cookware Set,1,139.35,0.0,139.35,15.38
ORD-10737,2025-12-25,Customer 120,Home Office,West,Stationery,Notebook,6,36.05,0.15,183.85,50.45
ORD-12758,2025-12-25,Customer 526,Corporate,North,Home & Kitchen,Lamp,6,148.67,0.0,892.02,98.99
ORD-10468,2025-12-25,Customer 484,Corporate,West,Stationery,Backpack,1,26.23,0.0,26.23,7.0
ORD-11122,2025-12-25,Customer 273,Consumer,South,Clothing,Jeans,6,23.0,0.0,138.0,34.93
ORD-12863,2025-12-25,Customer 40,Consumer,West,Furniture,Sofa,6,665.32,0.05,3792.32,555.76
ORD-12569,2025-12-25,Customer 674,Consumer,Central,Clothing,Cap,1,61.46,0.0,61.46,12.35
ORD-12197,2025-12-25,Customer 696,Corporate,Central,Electronics,Headphones,6,848.39,0.0,5090.34,1028.31
ORD-10877,2025-12-26,Customer 646,Home Office,East,Home & Kitchen,Vacuum Cleaner,3,92.22,0.0,276.66,58.2
ORD-11817,2025-12-26,Customer 249,Corporate,North,Clothing,Jeans,6,64.82,0.1,350.03,81.75
ORD-10757,2025-12-26,Customer 655,Corporate,East,Home & Kitchen,Vacuum Cleaner,1,51.71,0.05,49.12,6.32
ORD-10535,2025-12-27,Customer 256,Consumer,East,Clothing,Sneakers,1,44.56,0.0,44.56,9.07
ORD-12867,2025-12-27,Customer 194,Consumer,West,Electronics,Smartwatch,6,514.22,0.05,2931.05,235.65
ORD-12003,2025-12-28,Customer 802,Consumer,South,Furniture,Bookshelf,6,478.32,0.0,2869.92,699.83
ORD-10492,2025-12-28,Customer 408,Corporate,North,Clothing,T-Shirt,6,30.05,0.0,180.3,48.03
ORD-12086,2025-12-28,Customer 778,Home Office,North,Home & Kitchen,Air Fryer,7,32.54,0.0,227.78,12.54
ORD-12473,2025-12-28,Customer 708,Home Office,North,Stationery,Whiteboard,7,25.88,0.2,144.93,27.0
ORD-11816,2025-12-28,Customer 35,Consumer,North,Clothing,Jeans,5,59.26,0.0,296.3,33.45
ORD-10096,2025-12-28,Customer 326,Corporate,Central,Clothing,Cap,1,88.77,0.1,79.89,11.63
ORD-11443,2025-12-28,Customer 306,Corporate,North,Home & Kitchen,Air Fryer,1,105.54,0.0,105.54,14.46
ORD-10818,2025-12-28,Customer 742,Home Office,East,Home & Kitchen,Lamp,1,124.85,0.0,124.85,19.46
ORD-11879,2025-12-28,Customer 602,Home Office,West,Furniture,Office Chair,7,375.98,0.15,2237.08,565.1
ORD-11213,2025-12-28,Customer 185,Consumer,East,Clothing,Jacket,4,81.3,0.0,325.2,74.29
ORD-12134,2025-12-29,Customer 50,Consumer,East,Clothing,Jacket,7,80.07,0.0,560.49,132.52
ORD-11637,2025-12-29,Customer 22,Consumer,Central,Furniture,Sofa,5,217.33,0.05,1032.32,185.24
ORD-11248,2025-12-29,Customer 631,Consumer,West,Home & Kitchen,Air Fryer,5,105.41,0.0,527.05,107.23
ORD-10701,2025-12-29,Customer 248,Home Office,West,Furniture,Bed Frame,2,265.21,0.15,450.86,109.63
ORD-11508,2025-12-29,Customer 576,Corporate,North,Electronics,Headphones,3,285.95,0.05,814.96,114.41
ORD-12663,2025-12-29,Customer 33,Consumer,East,Stationery,Whiteboard,4,36.02,0.05,136.88,44.28
ORD-12928,2025-12-29,Customer 205,Corporate,Central,Stationery,Pen Set,4,16.75,0.2,53.6,2.12
ORD-11606,2025-12-30,Customer 719,Consumer,West,Clothing,T-Shirt,4,62.32,0.0,249.28,50.94
ORD-10527,2025-12-30,Customer 11,Home Office,East,Home & Kitchen,Vacuum Cleaner,6,79.81,0.0,478.86,103.46
